parcel,elevation,ndvi,lai,diseased
"[[1127, 1790], [1129, 1802], [1197, 1786], [1195, 1774]]",207.31712526910655,0.29757171400909915,0.2690101154200413,1
"[[1195, 1774], [1197, 1786], [1265, 1770], [1263, 1758]]",206.97268568353067,0.3305182154134991,0.29553850816306415,1
"[[1263, 1758], [1265, 1770], [1342, 1753], [1339, 1741]]",206.88169855038024,0.3356709643461858,0.2996332169697219,1
"[[1080, 1763], [1083, 1774], [1151, 1758], [1148, 1747]]",207.56949200913243,0.2872618757970801,0.2605840230527801,1
"[[1148, 1747], [1151, 1758], [1219, 1742], [1216, 1731]]",207.3095212614155,0.422756456348994,0.3666795074463404,0
"[[1216, 1731], [1219, 1742], [1287, 1726], [1284, 1715]]",206.99650399543378,0.35048097235971387,0.3113214791092254,0
"[[1284, 1715], [1287, 1726], [1355, 1711], [1352, 1700]]",206.81973081328752,0.3915795395054768,0.3431383248185222,0
"[[1353, 1700], [1356, 1711], [1434, 1694], [1431, 1682]]",206.75221928982725,0.4709928369796665,0.402118623078003,0
"[[1038, 1735], [1040, 1746], [1108, 1730], [1106, 1719]]",207.74992732558138,0.2118306822092419,0.19707723268177396,2
"[[1106, 1719], [1108, 1730], [1176, 1714], [1174, 1703]]",207.66495276162792,0.4057939041492551,0.3539341901158677,0
"[[1174, 1703], [1176, 1714], [1244, 1698], [1242, 1687]]",207.23181322674418,0.3969652397688045,0.34724124913881593,0
"[[1242, 1687], [1244, 1698], [1313, 1682], [1311, 1671]]",206.89037413990826,0.35852390644060345,0.3176192047078841,0
"[[1311, 1671], [1313, 1682], [1381, 1666], [1379, 1655]]",206.7360101744186,0.4342784792877907,0.3752522339141544,0
"[[1379, 1655], [1381, 1666], [1449, 1650], [1447, 1639]]",206.63415697674418,0.46749682759129724,0.39958957380314275,0
"[[1447, 1639], [1449, 1650], [1489, 1643], [1486, 1631]]",206.40617587760912,0.4492307948885199,0.3862760707465116,0
"[[1005, 1704], [1007, 1716], [1075, 1700], [1073, 1688]]",208.0221003767492,0.3488076726381694,0.31000686518191184,1
"[[1073, 1688], [1075, 1700], [1143, 1684], [1141, 1672]]",207.71636167922497,0.37651088319975756,0.33157740818458853,0
"[[1141, 1672], [1143, 1684], [1211, 1669], [1209, 1657]]",207.42128505933118,0.34908682320110235,0.3102262829849676,1
"[[1209, 1657], [1211, 1669], [1280, 1653], [1278, 1641]]",207.03199641719746,0.2821801382012175,0.2564086810700024,1
"[[1278, 1641], [1280, 1653], [1348, 1637], [1346, 1625]]",206.78148546824542,0.29222239975780406,0.2646456750449241,1
"[[1346, 1625], [1348, 1637], [1416, 1622], [1414, 1610]]",206.76215277777777,0.4382634003442725,0.3782013068691397,0
"[[1414, 1610], [1416, 1622], [1484, 1606], [1482, 1594]]",206.53770855758881,0.4617553645237655,0.3954228806377343,0
"[[1483, 1594], [1485, 1606], [1528, 1596], [1525, 1585]]",206.4898037918871,0.5737207268070712,0.4737739002257375,0
"[[985, 1672], [987, 1683], [1055, 1667], [1053, 1656]]",208.26731468023254,0.42700897926507997,0.3698514484914763,0
"[[1053, 1656], [1055, 1667], [1123, 1651], [1121, 1640]]",208.07378270348838,0.4760264197061228,0.4057492700488997,0
"[[1121, 1640], [1123, 1651], [1191, 1635], [1189, 1624]]",207.62325581395348,0.3683565361555233,0.32527095626165253,0
"[[1189, 1624], [1191, 1635], [1259, 1619], [1257, 1608]]",207.2079941860465,0.31351559661155526,0.2819233812313477,1
"[[1257, 1608], [1259, 1619], [1328, 1604], [1326, 1593]]",206.95910560344828,0.31344323547854935,0.2818650948470061,1
"[[1326, 1593], [1328, 1604], [1396, 1588], [1394, 1577]]",206.99434956395348,0.5070067294808321,0.42781938518705326,0
"[[1394, 1577], [1396, 1588], [1464, 1572], [1462, 1561]]",206.74712936046512,0.4777686540470567,0.4070029825534722,0
"[[1462, 1561], [1464, 1572], [1532, 1556], [1530, 1545]]",206.31729651162792,0.42328760901162793,0.36707620108161787,0
"[[1530, 1545], [1532, 1556], [1567, 1550], [1564, 1538]]",206.5536537418655,0.5184065680183195,0.4358225269286962,0
"[[948, 1642], [950, 1653], [1018, 1637], [1016, 1626]]",208.54325944767442,0.3865104852720749,0.3392626735822849,0
"[[1016, 1626], [1018, 1637], [1086, 1621], [1084, 1610]]",208.15414244186047,0.3755937443223111,0.33086987620553066,0
"[[1084, 1610], [1086, 1621], [1154, 1605], [1152, 1594]]",207.8184956395349,0.3399828888649164,0.3030485811134171,1
"[[1152, 1594], [1154, 1605], [1223, 1589], [1221, 1578]]",207.39368907683487,0.19763706802228176,0.18475346436851595,2
"[[1221, 1578], [1223, 1589], [1291, 1574], [1289, 1563]]",207.15752476689977,0.3005701167322261,0.2714494394596976,1
"[[1289, 1563], [1291, 1574], [1359, 1558], [1357, 1547]]",207.08488372093024,0.4059321913608285,0.3540387005864227,0
"[[1357, 1547], [1359, 1558], [1427, 1542], [1425, 1531]]",206.82256540697674,0.43462084393168604,0.37550592215504974,0
"[[1425, 1531], [1427, 1542], [1496, 1526], [1494, 1515]]",206.69622634747705,0.49959550210095327,0.42258253931855216,0
"[[1494, 1515], [1496, 1526], [1587, 1507], [1584, 1495]]",206.37730318257957,0.5224213388319887,0.4386261007137212,0
"[[910, 1612], [913, 1624], [981, 1608], [978, 1596]]",208.64013053797467,0.3405402783100112,0.3034893337011192,1
"[[978, 1596], [981, 1608], [1049, 1592], [1046, 1580]]",208.3240704113924,0.32019612758974486,0.287291984698041,1
"[[1046, 1580], [1049, 1592], [1117, 1576], [1114, 1564]]",208.04258966244726,0.33395021977806894,0.29826742038658505,1
"[[1114, 1564], [1117, 1576], [1185, 1561], [1182, 1549]]",207.69017857142856,0.3232347922350364,0.28972573809464014,1
"[[1182, 1549], [1185, 1561], [1254, 1545], [1251, 1533]]",207.39262486992715,0.2984226635665973,0.2697029108817203,1
"[[1251, 1533], [1254, 1545], [1322, 1529], [1319, 1517]]",207.20755867616035,0.3819958728117575,0.33579950113883617,0
"[[1319, 1517], [1322, 1529], [1390, 1514], [1387, 1502]]",207.04664351851852,0.4599406678797835,0.39410248258057345,0
"[[1387, 1502], [1390, 1514], [1458, 1498], [1455, 1486]]",206.77449235232066,0.4371234233872297,0.37735848561537205,0
"[[1455, 1486], [1458, 1498], [1527, 1482], [1524, 1470]]",206.41324141519252,0.370804102934362,0.3271675965998147,0
"[[1524, 1470], [1527, 1482], [1609, 1464], [1606, 1452]]",206.22601232394365,0.47014021537673306,0.40150239019243067,0
"[[874, 1583], [876, 1594], [944, 1578], [942, 1567]]",208.9078851744186,0.3945978563885356,0.345439611358312,0
"[[942, 1567], [944, 1578], [1012, 1562], [1010, 1551]]",208.71471656976743,0.4167197294013445,0.36216072129215526,0
"[[1010, 1551], [1012, 1562], [1080, 1546], [1078, 1535]]",208.32650799418604,0.38604278564453126,0.33890440053620285,0
"[[1078, 1535], [1080, 1546], [1149, 1531], [1147, 1520]]",207.93841594827586,0.3608953366334411,0.31946940463642526,0
"[[1147, 1520], [1149, 1531], [1217, 1515], [1215, 1504]]",207.68566497093022,0.37402986038562863,0.3296623759296948,0
"[[1215, 1504], [1217, 1515], [1285, 1499], [1283, 1488]]",207.44807412790698,0.4077857793763626,0.3554385862954226,0
"[[1283, 1488], [1285, 1499], [1353, 1484], [1351, 1473]]",207.20769594988346,0.4675151762706694,0.3996028633591184,0
"[[1351, 1472], [1353, 1483], [1422, 1468], [1420, 1457]]",206.86436781609194,0.41938490593570404,0.3641580573845684,0
"[[1420, 1457], [1422, 1468], [1490, 1452], [1488, 1441]]",206.57234738372094,0.4076138873432958,0.3553088435406534,0
"[[1488, 1441], [1490, 1452], [1558, 1436], [1556, 1425]]",206.4104106104651,0.4694988516874092,0.40103860513616707,0
"[[1556, 1425], [1558, 1436], [1633, 1420], [1630, 1409]]",206.15730708245243,0.48355563851289973,0.411156498209622,0
"[[849, 1551], [851, 1562], [919, 1546], [917, 1535]]",209.0256359011628,0.3620322294013445,0.32035534017573675,0
"[[917, 1535], [919, 1546], [987, 1530], [985, 1519]]",208.7971293604651,0.372008390204851,0.3280996339720049,0
"[[985, 1519], [987, 1530], [1055, 1514], [1053, 1503]]",208.55405159883722,0.4134124755859375,0.3596770873466721,0
"[[1053, 1503], [1055, 1514], [1123, 1498], [1121, 1487]]",208.1320675872093,0.35482206122819765,0.31472495093293984,0
"[[1121, 1487], [1123, 1498], [1192, 1483], [1190, 1472]]",207.8619971264368,0.404803256330819,0.3531852169994151,0
"[[1190, 1472], [1192, 1483], [1260, 1467], [1258, 1456]]",207.49978197674417,0.3677157025004542,0.3247738394656128,0
"[[1258, 1456], [1260, 1467], [1328, 1451], [1326, 1440]]",207.22663517441862,0.35584141930868457,0.31552266442074095,0
"[[1326, 1440], [1328, 1451], [1396, 1435], [1394, 1424]]",207.0875726744186,0.4467604171398074,0.3844625788223338,0
"[[1394, 1424], [1396, 1435], [1464, 1420], [1462, 1409]]",206.72625291375292,0.3907245911640443,0.34248560619573865,0
"[[1462, 1409], [1464, 1420], [1533, 1404], [1531, 1393]]",206.319362815367,0.36176692017721473,0.32014865736061443,0
"[[1531, 1393], [1533, 1404], [1601, 1388], [1599, 1377]]",206.08997093023257,0.3715265318404796,0.3277268009424357,0
"[[1599, 1377], [1601, 1388], [1657, 1377], [1654, 1365]]",205.9160447761194,0.39693104137073865,0.3472152442491135,0
"[[823, 1519], [825, 1530], [893, 1514], [891, 1503]]",209.08070494186046,0.3600640230400618,0.3188211548292405,0
"[[891, 1503], [893, 1514], [961, 1498], [959, 1487]]",209.05486918604652,0.4482809022415516,0.38557912507788106,0
"[[959, 1487], [961, 1498], [1029, 1482], [1027, 1471]]",208.76646075581397,0.4383753222088481,0.37828401853306487,0
"[[1027, 1471], [1029, 1482], [1097, 1467], [1095, 1456]]",208.27188956876458,0.2947175174882084,0.2666834158927641,1
"[[1095, 1456], [1097, 1467], [1166, 1451], [1164, 1440]]",208.00016126720183,0.3710483236050387,0.32735666958747844,0
"[[1164, 1440], [1166, 1451], [1234, 1435], [1232, 1424]]",207.70988372093024,0.3869788236396257,0.33962132008634854,0
"[[1232, 1424], [1234, 1435], [1302, 1419], [1300, 1408]]",207.35570494186047,0.34739514727925147,0.3088959444010035,1
"[[1300, 1408], [1302, 1419], [1370, 1404], [1368, 1393]]",207.14943910256412,0.42656503246102856,0.36952074515322947,0
"[[1368, 1393], [1370, 1404], [1439, 1388], [1437, 1377]]",206.78641055045873,0.3846691964686602,0.3378515181277283,0
"[[1437, 1377], [1439, 1388], [1507, 1372], [1505, 1361]]",206.48642805232558,0.38906750346339025,0.3412193895360923,0
"[[1505, 1361], [1507, 1372], [1575, 1357], [1573, 1346]]",206.25839525058274,0.39632357083834135,0.34675321378257085,0
"[[1573, 1346], [1575, 1357], [1643, 1341], [1641, 1330]]",206.07067587209303,0.45491336556368095,0.3904359024569436,0
"[[1641, 1330], [1643, 1341], [1681, 1334], [1678, 1322]]",205.86885271414343,0.4515712479671159,0.38799133634720834,0
"[[793, 1488], [796, 1499], [864, 1483], [861, 1472]]",209.29086401255708,0.37246366178608376,0.3284517818759093,0
"[[861, 1472], [864, 1483], [932, 1467], [929, 1456]]",209.0498359018265,0.36983643274873357,0.3264181235602572,0
"[[929, 1456], [932, 1467], [1000, 1451], [997, 1440]]",208.85163384703196,0.3710630233973673,0.3273680489903056,0
"[[997, 1440], [1000, 1451], [1069, 1435], [1066, 1424]]",208.72124859234233,0.4969090985822248,0.42067767768411857,0
"[[1066, 1424], [1069, 1435], [1137, 1420], [1134, 1409]]",208.20060137457045,0.2750030028178247,0.25048668734553575,1
"[[1134, 1409], [1137, 1420], [1205, 1404], [1202, 1393]]",207.75925727739727,0.19532240513392857,0.1827322608314918,2
"[[1202, 1393], [1205, 1404], [1273, 1388], [1270, 1377]]",207.611354880137,0.39470902534380353,0.3455242795753487,0
"[[1270, 1377], [1273, 1388], [1342, 1372], [1339, 1361]]",207.326611768018,0.41387784803235855,0.36002690879884935,0
"[[1339, 1361], [1342, 1372], [1410, 1357], [1407, 1346]]",206.9004868270332,0.3696527470154997,0.32627580007108303,0
"[[1407, 1346], [1410, 1357], [1478, 1341], [1475, 1330]]",206.63982234589042,0.3526389065398473,0.3130146026976144,0
"[[1475, 1330], [1478, 1341], [1546, 1325], [1543, 1314]]",206.3312464326484,0.38787796508231664,0.34030954437061706,0
"[[1544, 1314], [1547, 1325], [1615, 1309], [1612, 1298]]",206.03790311073058,0.3458979358411815,0.3077172371741344,1
"[[1612, 1298], [1615, 1309], [1706, 1290], [1703, 1278]]",205.83731921487603,0.4500566466780733,0.38688163530175307,0
"[[764, 1456], [767, 1468], [835, 1452], [832, 1440]]",209.4015526107595,0.3093195404181501,0.27853867434876267,1
"[[832, 1440], [835, 1452], [903, 1436], [900, 1424]]",209.20973430907173,0.3213854761566291,0.28824517577896436,1
"[[900, 1424], [903, 1436], [971, 1421], [968, 1409]]",208.92825727513227,0.35560645047949735,0.31533883590385464,0
"[[968, 1409], [971, 1421], [1039, 1405], [1036, 1393]]",208.6601727320675,0.36747075334379947,0.3245837658706496,0
"[[1036, 1393], [1039, 1405], [1108, 1389], [1105, 1377]]",208.35558662851196,0.19223719506556483,0.18003317839945085,2
"[[1105, 1377], [1108, 1389], [1176, 1374], [1173, 1362]]",207.97051917989418,0.19719703311011905,0.18436946676622296,2
"[[1173, 1362], [1176, 1374], [1244, 1358], [1241, 1346]]",207.5998813291139,0.2923501574037447,0.26475009883734163,1
"[[1241, 1346], [1244, 1358], [1312, 1342], [1309, 1330]]",207.32847112341773,0.3424904094969673,0.3050300556951048,1
"[[1309, 1330], [1312, 1342], [1381, 1327], [1378, 1315]]",207.01585334029227,0.35299086296695403,0.313290510045498,0
"[[1378, 1315], [1381, 1327], [1449, 1311], [1446, 1299]]",206.6465585443038,0.32010006804003494,0.2872149646215648,1
"[[1446, 1299], [1449, 1311], [1517, 1295], [1514, 1283]]",206.40208003691984,0.35590346453059074,0.31557120069881767,0
"[[1514, 1283], [1517, 1295], [1585, 1280], [1582, 1268]]",206.17581018518518,0.3572183382713189,0.3165993019532323,0
"[[1582, 1268], [1585, 1280], [1653, 1264], [1650, 1252]]",205.95266350210971,0.36052028018878834,0.3191769855067493,0
"[[1650, 1252], [1653, 1264], [1731, 1246], [1728, 1235]]",205.71959053794427,0.3928824213121398,0.3441322823904604,0
"[[735, 1425], [737, 1436], [805, 1420], [803, 1409]]",209.77390988372093,0.40505420773528344,0.3533749956675962,0
"[[803, 1409], [805, 1420], [873, 1404], [871, 1393]]",209.3268531976744,0.28143434746320856,0.25579467914564186,1
"[[871, 1393], [873, 1404], [941, 1388], [939, 1377]]",209.1610101744186,0.38507041044013446,0.33815915949682646,0
"[[939, 1377], [941, 1388], [1009, 1373], [1007, 1362]]",208.88221153846155,0.38115989133750366,0.33515703267754005,0
"[[1007, 1362], [1009, 1373], [1078, 1357], [1076, 1346]]",208.62369194380733,0.3912293670374319,0.3428710287997959,0
"[[1076, 1346], [1078, 1357], [1146, 1341], [1144, 1330]]",208.31493459302325,0.4322608770326126,0.3737559961400934,0
"[[1144, 1330], [1146, 1341], [1214, 1325], [1212, 1314]]",208.00590479651163,0.4392566769622093,0.378935127617,0
"[[1212, 1314], [1214, 1325], [1282, 1310], [1280, 1299]]",207.67533508158508,0.4211190319283581,0.36545567468500745,0
"[[1280, 1299], [1282, 1310], [1350, 1294], [1348, 1283]]",207.29707485465116,0.3628530791311553,0.32099456398449655,0
"[[1348, 1283], [1350, 1294], [1419, 1278], [1417, 1267]]",206.9142596043578,0.34893830361787814,0.3101095489484757,1
"[[1417, 1267], [1419, 1278], [1487, 1262], [1485, 1251]]",206.55488735465116,0.365651709098061,0.3231712335868723,0
"[[1485, 1251], [1487, 1262], [1555, 1247], [1553, 1236]]",206.3143028846154,0.34809818579044655,0.30944900439364215,1
"[[1553, 1236], [1555, 1247], [1623, 1231], [1621, 1220]]",206.1290152616279,0.43245113492705906,0.3738971788473341,0
"[[1621, 1220], [1623, 1231], [1692, 1215], [1690, 1204]]",205.92565581995413,0.4280709782871631,0.37064213828274883,0
"[[1690, 1204], [1692, 1215], [1760, 1200], [1758, 1189]]",205.60325611888112,0.40426062424792153,0.35277474632255496,0
"[[1758, 1189], [1760, 1200], [1828, 1184], [1826, 1173]]",205.2405159883721,0.3627783487009448,0.3209363838169826,0
"[[1826, 1173], [1828, 1184], [1896, 1168], [1894, 1157]]",204.88944404069767,0.4243593082871548,0.3678761617900733,0
"[[1894, 1157], [1896, 1168], [1964, 1152], [1962, 1141]]",204.21086482558138,0.27874308741369913,0.2535763629615106,1
"[[1962, 1141], [1964, 1152], [2033, 1137], [2031, 1126]]",203.64082255747127,0.22871253353425827,0.21157880969426368,2
"[[2031, 1126], [2033, 1137], [2101, 1121], [2099, 1110]]",203.31293604651162,0.3695334855900254,0.32618338420393217,0
"[[2099, 1110], [2101, 1121], [2169, 1105], [2167, 1094]]",203.06210029069769,0.4631328494049782,0.39642405421613314,0
"[[2167, 1094], [2169, 1105], [2237, 1089], [2235, 1078]]",202.79649345930233,0.4396389273710029,0.3792173956055414,0
"[[2235, 1078], [2237, 1089], [2306, 1074], [2304, 1063]]",202.6045617816092,0.42960064767420975,0.3717800047177389,0
"[[2304, 1063], [2306, 1074], [2347, 1066], [2344, 1054]]",-81.94449682710729,0.30517367658943967,0.2751848162630243,1
"[[713, 1392], [716, 1404], [784, 1388], [781, 1376]]",209.81668644514767,0.367661874505538,0.3247320732230346,0
"[[781, 1376], [784, 1388], [852, 1372], [849, 1360]]",209.71711827531647,0.4598254755076477,0.39401861121920395,0
"[[849, 1360], [852, 1372], [920, 1356], [917, 1344]]",209.35439741561183,0.3885959673531448,0.3408588138825362,0
"[[917, 1344], [920, 1356], [988, 1341], [985, 1329]]",209.0877810846561,0.41086351505663027,0.35775903445487955,0
"[[985, 1329], [988, 1341], [1057, 1325], [1054, 1313]]",208.90016909469304,0.4861982981363932,0.4130477158457948,0
"[[1054, 1313], [1057, 1325], [1125, 1309], [1122, 1297]]",208.82196070675104,0.6224481123912183,0.5060268677648168,0
"[[1122, 1297], [1125, 1309], [1193, 1294], [1190, 1282]]",208.26395502645502,0.5307976616753473,0.4444504649724476,0
"[[1190, 1282], [1193, 1294], [1261, 1278], [1258, 1266]]",207.8588970200422,0.4580565826802314,0.39272984597928506,0
"[[1258, 1266], [1261, 1278], [1330, 1262], [1327, 1250]]",207.57866155046827,0.4783694200783689,0.40743494468735086,0
"[[1327, 1250], [1330, 1262], [1398, 1247], [1395, 1235]]",207.13819444444445,0.4196669901163176,0.3643692419854426,0
"[[1395, 1235], [1398, 1247], [1466, 1231], [1463, 1219]]",206.84355221518987,0.4108359099440434,0.35773824356939915,0
"[[1463, 1219], [1466, 1231], [1534, 1215], [1531, 1203]]",206.45300962552741,0.3519274850728396,0.31245669717166447,0
"[[1531, 1203], [1534, 1215], [1603, 1200], [1600, 1188]]",206.2630153966597,0.45743900052192066,0.39227952251191883,0
"[[1600, 1188], [1603, 1200], [1671, 1184], [1668, 1172]]",206.07776239451476,0.48094891898239717,0.4092876195413249,0
"[[1668, 1172], [1671, 1184], [1739, 1168], [1736, 1156]]",205.87003889767934,0.5448710767528678,0.45416075136488493,0
"[[1736, 1156], [1739, 1168], [1807, 1152], [1804, 1140]]",205.59864517405063,0.5150834739459718,0.4334960793657408,0
"[[1804, 1140], [1807, 1152], [1875, 1137], [1872, 1125]]",204.95505952380952,0.34073153702670306,0.3036405314043832,1
"[[1872, 1125], [1875, 1137], [1944, 1121], [1941, 1109]]",204.4813833246618,0.39363198176134884,0.344703710972199,0
"[[1941, 1109], [1944, 1121], [2012, 1105], [2009, 1093]]",203.8259328850211,0.27553603417762723,0.2509275107256906,1
"[[2009, 1093], [2012, 1105], [2080, 1090], [2077, 1078]]",203.321164021164,0.33260766084862764,0.2972006721300879,1
"[[2077, 1078], [2080, 1090], [2148, 1074], [2145, 1062]]",202.99182489451476,0.3454147532016416,0.30733658278634524,1
"[[2145, 1062], [2148, 1074], [2217, 1058], [2214, 1046]]",202.8693580905307,0.4263785180638658,0.3693817772619515,0
"[[2214, 1046], [2217, 1058], [2285, 1043], [2282, 1031]]",202.739666005291,0.5311136235635747,0.44466950669114524,0
"[[2282, 1031], [2285, 1043], [2338, 1030], [2335, 1019]]",202.43951330532212,0.45470934956013653,0.3902868380306651,0
"[[679, 1362], [682, 1373], [750, 1357], [747, 1346]]",209.99250856164383,0.28010675787381384,0.25470090600810863,1
"[[747, 1346], [750, 1357], [818, 1341], [815, 1330]]",209.78604808789953,0.3825367966743365,0.33621501449940133,0
"[[815, 1330], [818, 1341], [886, 1325], [883, 1314]]",209.51257491438355,0.4282381937384061,0.37076658236100035,0
"[[883, 1314], [886, 1325], [954, 1310], [951, 1299]]",209.1692081901489,0.354123844177316,0.314178227160826,0
"[[951, 1299], [954, 1310], [1023, 1294], [1020, 1283]]",208.9329075168919,0.3847883757170256,0.3379429108441698,0
"[[1020, 1283], [1023, 1294], [1091, 1278], [1088, 1267]]",208.8869149543379,0.5233447963169643,0.4392698668141419,0
"[[1088, 1267], [1091, 1278], [1159, 1263], [1156, 1252]]",208.480831185567,0.49292576641117763,0.41784668907000994,0
"[[1156, 1252], [1159, 1263], [1227, 1247], [1224, 1236]]",208.04849814497717,0.4569012974330357,0.39188728830368313,0
"[[1224, 1236], [1227, 1247], [1296, 1231], [1293, 1220]]",207.61627252252254,0.3558349953428868,0.31551763900950086,0
"[[1293, 1220], [1296, 1231], [1364, 1215], [1361, 1204]]",207.37582049086757,0.43119351105504505,0.3729636031661458,0
"[[1361, 1204], [1364, 1215], [1432, 1200], [1429, 1189]]",206.9340098797251,0.37639797075234466,0.33149032540442674,0
"[[1429, 1189], [1432, 1200], [1500, 1184], [1497, 1173]]",206.564444206621,0.33800004932978384,0.30147928702925575,1
"[[1497, 1173], [1500, 1184], [1568, 1168], [1565, 1157]]",206.27292023401827,0.3080464541639912,0.2775098128623344,1
"[[1565, 1157], [1568, 1168], [1637, 1153], [1634, 1142]]",206.06421257062146,0.3478251484154308,0.30923424567870683,1
"[[1634, 1142], [1637, 1153], [1705, 1137], [1702, 1126]]",205.86258561643837,0.4113430911547517,0.3581201656487441,0
"[[1702, 1126], [1705, 1137], [1773, 1121], [1770, 1110]]",205.55456264269407,0.4399691368346889,0.37946117468705964,0
"[[1770, 1110], [1773, 1121], [1841, 1105], [1838, 1094]]",205.08898758561645,0.2800813962335456,0.2546800013315303,1
"[[1838, 1094], [1841, 1105], [1910, 1090], [1907, 1079]]",204.7803495762712,0.3896690239340572,0.3416791917709229,0
"[[1907, 1079], [1910, 1090], [1978, 1074], [1975, 1063]]",204.08743578767124,0.27601877848307294,0.25132660621882574,1
"[[1975, 1063], [1978, 1074], [2046, 1058], [2043, 1047]]",203.51867508561645,0.340772794261915,0.3036731442909008,1
"[[2043, 1047], [2046, 1058], [2114, 1043], [2111, 1032]]",203.14187786368842,0.36532844464803477,0.32292002526362096,0
"[[2111, 1032], [2114, 1043], [2182, 1027], [2179, 1016]]",202.8898758561644,0.3336185124366795,0.29800394976521993,1
"[[2180, 1016], [2183, 1027], [2251, 1011], [2248, 1000]]",202.63131421232876,0.33751009588372216,0.3010911884478199,1
"[[2248, 1000], [2251, 1011], [2337, 993], [2334, 981]]",202.26413625437064,0.3114895053676792,0.280290278433148,1
"[[647, 1331], [649, 1343], [717, 1327], [715, 1315]]",210.4642761033369,0.41210062750454607,0.35869036352459754,0
"[[715, 1315], [717, 1327], [785, 1311], [783, 1299]]",210.08907427341228,0.4476895532515642,0.385145015688976,0
"[[783, 1299], [785, 1311], [853, 1295], [851, 1283]]",209.8150565123789,0.4734094987259486,0.40386329836120355,0
"[[851, 1283], [853, 1295], [921, 1280], [919, 1268]]",209.4886562837109,0.45193478153232874,0.3882575134944284,0
"[[919, 1268], [921, 1280], [990, 1264], [988, 1252]]",209.14964835456476,0.4236400628545482,0.367339352506705,0
"[[988, 1252], [990, 1264], [1058, 1248], [1056, 1236]]",208.84124394510226,0.44123681009906485,0.38039652619601166,0
"[[1056, 1236], [1058, 1248], [1126, 1233], [1124, 1221]]",208.66641383495147,0.524546469942523,0.4401069706281354,0
"[[1124, 1221], [1126, 1233], [1194, 1217], [1192, 1205]]",208.12187163616792,0.4165270325955328,0.3620161680543863,0
"[[1192, 1205], [1194, 1217], [1262, 1201], [1260, 1189]]",207.8560111679225,0.39953609989170374,0.3491944074126788,0
"[[1260, 1189], [1262, 1201], [1331, 1186], [1329, 1174]]",207.54547872340424,0.4293960538754331,0.37162788426141113,0
"[[1329, 1174], [1331, 1186], [1399, 1170], [1397, 1158]]",207.05040702368137,0.3498890646572771,0.3108566252574807,1
"[[1397, 1158], [1399, 1170], [1467, 1154], [1465, 1142]]",206.69622914424113,0.337021071335365,0.3007036948056297,1
"[[1465, 1142], [1467, 1154], [1535, 1138], [1533, 1126]]",206.44594321851454,0.3578102267853539,0.3170617958905053,0
"[[1533, 1126], [1535, 1138], [1604, 1123], [1602, 1111]]",206.15837765957446,0.37926596783577127,0.3337001430750794,0
"[[1602, 1111], [1604, 1123], [1672, 1107], [1670, 1095]]",206.06927812163616,0.4538002384519114,0.3896223402578285,0
"[[1670, 1095], [1672, 1107], [1740, 1091], [1738, 1079]]",205.7186154467169,0.41432319698600645,0.36036157338128194,0
"[[1738, 1079], [1740, 1091], [1808, 1076], [1806, 1064]]",205.34835153721684,0.39702809487088725,0.3472890433444016,0
"[[1806, 1064], [1808, 1076], [1876, 1060], [1874, 1048]]",205.02580059203444,0.37182383953049314,0.3279568544030745,0
"[[1874, 1048], [1876, 1060], [1945, 1044], [1943, 1032]]",204.37718949044586,0.26441715831716095,0.24169839912028274,1
"[[1943, 1032], [1945, 1044], [2013, 1029], [2011, 1017]]",203.7684061488673,0.26574015694528724,0.24280025575766387,1
"[[2011, 1017], [2013, 1029], [2081, 1013], [2079, 1001]]",203.2766583692142,0.3118916194328579,0.2806145785286332,1
"[[2079, 1001], [2081, 1013], [2149, 997], [2147, 985]]",202.95388186221743,0.3167114914810953,0.28449475164121324,1
"[[2147, 985], [2149, 997], [2218, 981], [2216, 969]]",202.64074110934183,0.2503024706668408,0.2298801885248309,1
"[[2216, 969], [2218, 981], [2286, 966], [2284, 954]]",202.4158407497303,0.34341394451186624,0.30575898133880325,1
"[[2284, 954], [2286, 966], [2336, 955], [2333, 943]]",202.23141830422125,0.21638379936829058,0.2010050288745678,2
"[[626, 1298], [628, 1310], [696, 1294], [694, 1282]]",210.80059203444563,0.4006990857735132,0.35007682456036876,0
"[[694, 1282], [696, 1294], [764, 1278], [762, 1266]]",210.26801332077503,0.40731548724056443,0.3550835769427997,0
"[[762, 1266], [764, 1278], [832, 1262], [830, 1250]]",209.92544066200216,0.42038482895965085,0.3649064724776,0
"[[830, 1250], [832, 1262], [900, 1247], [898, 1235]]",209.55975256202805,0.35866022367179073,0.31772564202362025,0
"[[898, 1235], [900, 1247], [969, 1231], [967, 1219]]",209.2770866507431,0.4304997470475053,0.3724482524395406,0
"[[967, 1219], [969, 1231], [1037, 1215], [1035, 1203]]",208.94131794940796,0.4225852481772235,0.3665516089045445,0
"[[1035, 1203], [1037, 1215], [1105, 1200], [1103, 1188]]",208.53381202804746,0.38431790217098166,0.33758208404202045,0
"[[1103, 1188], [1105, 1200], [1173, 1184], [1171, 1172]]",208.199088401507,0.3466391835453949,0.30830095025244486,1
"[[1171, 1172], [1173, 1184], [1242, 1168], [1240, 1156]]",207.81206873673037,0.35748038322302944,0.3168040837493162,0
"[[1240, 1156], [1242, 1168], [1310, 1153], [1308, 1141]]",207.48354908306365,0.3313483944721922,0.2961992065543372,1
"[[1308, 1141], [1310, 1153], [1378, 1137], [1376, 1125]]",207.1952031754575,0.32025689092175713,0.28734070180417953,1
"[[1376, 1125], [1378, 1137], [1446, 1121], [1444, 1109]]",206.79628632938645,0.336005137990699,0.29989827068339153,1
"[[1444, 1109], [1446, 1121], [1515, 1106], [1513, 1094]]",206.42750997340426,0.3181048018482927,0.2856140151551566,1
"[[1513, 1094], [1515, 1106], [1583, 1090], [1581, 1078]]",206.24894039289558,0.3504715869193185,0.3113141097485065,0
"[[1581, 1078], [1583, 1090], [1651, 1074], [1649, 1062]]",206.08029467168998,0.4345978078852429,0.37548885459154874,0
"[[1649, 1062], [1651, 1074], [1719, 1059], [1717, 1047]]",205.75064050701187,0.41668730800591625,0.36213640143630904,0
"[[1717, 1047], [1719, 1059], [1788, 1043], [1786, 1031]]",205.41076167728238,0.36797463969819866,0.32497473245713676,0
"[[1786, 1031], [1788, 1043], [1856, 1027], [1854, 1015]]",205.08614773950484,0.36107449074735937,0.3196090584803204,0
"[[1854, 1015], [1856, 1027], [1924, 1012], [1922, 1000]]",204.52562028047464,0.3024775598684432,0.27299859860502623,1
"[[1922, 1000], [1924, 1012], [1992, 996], [1990, 984]]",203.99021124865448,0.30142875482499665,0.27214704786742766,1
"[[1990, 984], [1992, 996], [2061, 980], [2059, 968]]",203.41240379511677,0.2842002593281416,0.25807024006831236,1
"[[2059, 968], [2061, 980], [2129, 965], [2127, 953]]",203.08540655339806,0.35168351684702,0.3122653111967009,0
"[[2127, 953], [2129, 965], [2197, 949], [2195, 937]]",202.7353168729817,0.2629824372487638,0.24050235728618657,1
"[[2195, 937], [2197, 949], [2265, 933], [2263, 921]]",202.44071245963403,0.22336014171719423,0.2069993591384161,2
"[[2263, 921], [2265, 933], [2335, 917], [2332, 906]]",202.2834385179153,0.22717384562041937,0.21026405606300605,2
"[[600, 1266], [603, 1278], [671, 1262], [668, 1250]]",211.07861946202533,0.46256259322669435,0.39600970017748693,0
"[[668, 1250], [671, 1262], [739, 1246], [736, 1234]]",210.6128032700422,0.4255374956734573,0.3687549272651471,0
"[[736, 1234], [739, 1246], [807, 1230], [804, 1218]]",210.0151470200422,0.3031430143847244,0.27353857811858495,1
"[[804, 1218], [807, 1230], [875, 1215], [872, 1203]]",209.70036375661377,0.3507006771350033,0.3114939756264967,0
"[[872, 1203], [875, 1215], [944, 1199], [941, 1187]]",209.32370252341312,0.30649378495707597,0.2762537788040144,1
"[[941, 1187], [944, 1199], [1012, 1183], [1009, 1171]]",208.97880406118142,0.32757091924611026,0.2931898419044941,1
"[[1009, 1171], [1012, 1183], [1080, 1168], [1077, 1156]]",208.6372189153439,0.3830263168092758,0.33659090817487775,0
"[[1077, 1156], [1080, 1168], [1148, 1152], [1145, 1140]]",208.322669435654,0.3991083716541403,0.3488696898729557,0
"[[1145, 1140], [1148, 1152], [1217, 1136], [1214, 1124]]",207.90569719042665,0.34758048002975417,0.3090417663383356,1
"[[1214, 1124], [1217, 1136], [1285, 1121], [1282, 1109]]",207.56701388888888,0.3302200544158871,0.295301124206594,1
"[[1282, 1109], [1285, 1121], [1353, 1105], [1350, 1093]]",207.17527030590716,0.2707017779727924,0.24692358344399107,1
"[[1350, 1093], [1353, 1105], [1421, 1089], [1418, 1077]]",206.90887064873417,0.27423637092050557,0.24985238914695976,1
"[[1418, 1077], [1421, 1089], [1489, 1074], [1486, 1062]]",206.59264219576718,0.3538710498305225,0.3139802170562725,0
"[[1486, 1062], [1489, 1074], [1558, 1058], [1555, 1046]]",206.24323621227887,0.3116258190524194,0.2804002238408216,1
"[[1555, 1046], [1558, 1058], [1626, 1042], [1623, 1030]]",206.15122296940928,0.4331947656971852,0.3744488194820422,0
"[[1623, 1030], [1626, 1042], [1694, 1027], [1691, 1015]]",205.96656746031746,0.47241921399636244,0.4031487278911553,0
"[[1691, 1015], [1694, 1027], [1762, 1011], [1759, 999]]",205.48252900843883,0.35405311463626915,0.31412282922843854,0
"[[1759, 999], [1762, 1011], [1831, 995], [1828, 983]]",205.2043444328824,0.34778817494710285,0.309205160928566,1
"[[1828, 983], [1831, 995], [1899, 979], [1896, 967]]",204.77450883438817,0.31547333922567244,0.2834992251894413,1
"[[1896, 967], [1899, 979], [1967, 964], [1964, 952]]",204.22602513227514,0.32492556294436176,0.29107771676369976,1
"[[1964, 952], [1967, 964], [2035, 948], [2032, 936]]",203.6343782964135,0.28930789609498614,0.26226097880933325,1
"[[2032, 936], [2035, 948], [2103, 932], [2100, 920]]",203.16292523734177,0.29377775554415547,0.2659163323318928,1
"[[2100, 920], [2103, 932], [2172, 917], [2169, 905]]",202.86381132567848,0.2776760985308749,0.25269573853133503,1
"[[2169, 905], [2172, 917], [2240, 901], [2237, 889]]",202.52508570675104,0.2697873014940994,0.24616467356694774,1
"[[2237, 889], [2240, 901], [2334, 880], [2331, 868]]",202.32261241352805,0.28759336361602855,0.26085587728407333,1
"[[569, 1235], [571, 1247], [639, 1231], [637, 1219]]",211.13012984391818,0.41623982572196244,0.3618006815666951,0
"[[637, 1219], [639, 1231], [707, 1215], [705, 1203]]",210.79938105489774,0.353874608954521,0.3139830051056251,0
"[[705, 1203], [707, 1215], [775, 1199], [773, 1187]]",210.34020115715825,0.2729482815183442,0.24878589010064234,1
"[[773, 1187], [775, 1199], [843, 1184], [841, 1172]]",210.00456782632148,0.3158583162671926,0.2838088540269822,1
"[[842, 1172], [844, 1184], [912, 1168], [910, 1156]]",209.57349973089345,0.3065013227791622,0.27625987978746847,1
"[[910, 1156], [912, 1168], [980, 1152], [978, 1140]]",209.17258140473626,0.3071941790462695,0.2768205302401335,1
"[[978, 1140], [980, 1152], [1048, 1137], [1046, 1125]]",208.80107200647248,0.348836109058277,0.3100292186977545,1
"[[1046, 1125], [1048, 1137], [1117, 1121], [1115, 1109]]",208.448082537155,0.34436890425955413,0.30651222150731944,1
"[[1115, 1109], [1117, 1121], [1185, 1105], [1183, 1093]]",208.1560986275565,0.3960818320480692,0.34656929800884284,0
"[[1183, 1093], [1185, 1105], [1253, 1090], [1251, 1078]]",207.74313983279396,0.31412471499350364,0.28241390647170755,1
"[[1251, 1078], [1253, 1090], [1321, 1074], [1319, 1062]]",207.42663482238967,0.28963973604399584,0.2625327378626932,1
"[[1319, 1062], [1321, 1074], [1390, 1058], [1388, 1046]]",207.21750597133757,0.36513951781449044,0.3227731845571672,0
"[[1388, 1046], [1390, 1058], [1458, 1042], [1456, 1030]]",206.8821145048439,0.3444091072617482,0.3065439213988885,1
"[[1456, 1030], [1458, 1042], [1526, 1027], [1524, 1015]]",206.55680285868394,0.388337235106105,0.3406609158762454,0
"[[1524, 1015], [1526, 1027], [1594, 1011], [1592, 999]]",206.20736342841766,0.33412595816654334,0.2984069825585724,1
"[[1592, 999], [1594, 1011], [1663, 995], [1661, 983]]",205.9236664012739,0.33433597645861035,0.2985737458291719,1
"[[1661, 983], [1663, 995], [1731, 980], [1729, 968]]",205.757230987055,0.3913923837606189,0.3429954718630804,0
"[[1729, 968], [1731, 980], [1799, 964], [1797, 952]]",205.37858248116254,0.34835174856196177,0.3096484090453323,1
"[[1797, 952], [1799, 964], [1867, 948], [1865, 936]]",205.0640137244349,0.3687456703801971,0.325572713870812,0
"[[1865, 936], [1867, 948], [1936, 933], [1934, 921]]",204.48648603723404,0.3397597292636303,0.3028720713813512,1
"[[1934, 921], [1936, 933], [2004, 917], [2002, 905]]",204.0413583153929,0.36343203114488026,0.32144519607371885,0
"[[2002, 905], [2004, 917], [2072, 901], [2070, 889]]",203.4380550322928,0.28234981540971477,0.25654833047407993,1
"[[2070, 889], [2072, 901], [2140, 885], [2138, 873]]",203.12861611948333,0.3694894583284277,0.32614926548731177,0
"[[2138, 873], [2140, 885], [2209, 870], [2207, 858]]",202.68873005319148,0.306216203405502,0.27602908697262996,1
"[[2207, 858], [2209, 870], [2277, 854], [2275, 842]]",202.4427475780409,0.36846486924154,0.3253549722590658,0
"[[2275, 842], [2277, 854], [2333, 842], [2330, 830]]",202.2859029583875,0.27067319872475415,0.2468998732165076,1
"[[538, 1205], [540, 1216], [608, 1200], [606, 1189]]",211.52465479651164,0.5221976478940811,0.4384700982487499,0
"[[606, 1189], [608, 1200], [676, 1184], [674, 1173]]",211.17765261627906,0.43440545355523386,0.3753463273691877,0
"[[674, 1173], [676, 1184], [744, 1168], [742, 1157]]",210.79244186046512,0.40438864089557264,0.35287159757475944,0
"[[742, 1157], [744, 1168], [812, 1153], [810, 1142]]",210.32699592074593,0.3456004038279429,0.30748285455575275,1
"[[810, 1142], [812, 1153], [881, 1137], [879, 1126]]",209.9266592603211,0.33248547895239033,0.2971035417933587,1
"[[879, 1126], [881, 1137], [949, 1121], [947, 1110]]",209.50408793604652,0.37597158873872233,0.3311614206542829,0
"[[947, 1110], [949, 1121], [1017, 1106], [1015, 1095]]",209.08468094405595,0.3406452285909207,0.3035723035871623,1
"[[1015, 1095], [1017, 1106], [1085, 1090], [1083, 1079]]",208.69414970930234,0.3782989147097565,0.33295550852068195,0
"[[1083, 1079], [1085, 1090], [1154, 1074], [1152, 1063]]",208.36052178899084,0.38896151201440654,0.3411383498966517,0
"[[1152, 1063], [1154, 1074], [1222, 1059], [1220, 1048]]",208.10875582750583,0.42800010556663387,0.3705893894799756,0
"[[1220, 1048], [1222, 1059], [1290, 1043], [1288, 1032]]",207.61933139534884,0.3504633703897166,0.3113076581665192,0
"[[1288, 1032], [1290, 1043], [1358, 1027], [1356, 1016]]",207.3296148255814,0.3323841183684593,0.29702295745752866,1
"[[1356, 1016], [1358, 1027], [1427, 1011], [1425, 1000]]",207.11948107798165,0.418078466292915,0.36317944458650814,0
"[[1425, 1000], [1427, 1011], [1495, 996], [1493, 985]]",206.93522363053614,0.5155107902758049,0.4337955359782669,0
"[[1493, 985], [1495, 996], [1563, 980], [1561, 969]]",206.3859375,0.3317359746888626,0.2965075328839297,1
"[[1561, 969], [1563, 980], [1631, 964], [1629, 953]]",206.21894985465116,0.40247518568361657,0.35142307710224374,0
"[[1629, 953], [1631, 964], [1700, 949], [1698, 938]]",205.98784123563217,0.45402412721833646,0.38978602625561465,0
"[[1698, 938], [1700, 949], [1768, 933], [1766, 922]]",205.68008720930231,0.46861043530841207,0.40039583135792367,0
"[[1766, 922], [1768, 933], [1836, 917], [1834, 906]]",205.45623183139534,0.5036792333245416,0.4254714561503743,0
"[[1834, 906], [1836, 917], [1904, 902], [1902, 891]]",204.91196824009324,0.46614935459234774,0.3986131679160738,0
"[[1902, 891], [1904, 902], [1973, 886], [1971, 875]]",204.3226419151376,0.37260895475335076,0.3285641412144947,0
"[[1971, 875], [1973, 886], [2041, 870], [2039, 859]]",203.8244731104651,0.3958227113235829,0.34637212392661293,0
"[[2039, 859], [2041, 870], [2109, 854], [2107, 843]]",203.39756540697675,0.4206231050713118,0.36508473947256137,0
"[[2107, 843], [2109, 854], [2177, 839], [2175, 828]]",202.9817162004662,0.3601938527780813,0.3189224192291977,0
"[[2175, 828], [2177, 839], [2246, 823], [2244, 812]]",202.54262829701835,0.2860313555516234,0.25957432542361314,1
"[[2244, 812], [2246, 823], [2332, 804], [2329, 793]]",202.37741712707182,0.31896163350310774,0.2863017845213755,1
"[[509, 1174], [511, 1185], [579, 1169], [577, 1158]]",211.60833938953488,0.511391735299206,0.4309052867756357,0
"[[577, 1158], [579, 1169], [647, 1153], [645, 1142]]",211.26328125,0.4166154018668241,0.3620824614421172,0
"[[645, 1142], [647, 1153], [715, 1137], [713, 1126]]",211.03315770348837,0.44017067842705304,0.379609936661012,0
"[[713, 1126], [715, 1137], [783, 1122], [781, 1111]]",210.50154793123542,0.33161894258085667,0.2964144406393877,1
"[[781, 1111], [783, 1122], [852, 1106], [850, 1095]]",210.16040711009174,0.3449801523751075,0.3069940930360974,1
"[[850, 1095], [852, 1106], [920, 1090], [918, 1079]]",209.72289244186047,0.394450165504633,0.3453271173568202,0
"[[918, 1079], [920, 1090], [988, 1074], [986, 1063]]",209.19077034883722,0.3261941858720169,0.2920911012666768,1
"[[986, 1063], [988, 1074], [1056, 1059], [1054, 1048]]",208.79075611888112,0.34849624900862386,0.3097620302375258,1
"[[1054, 1048], [1056, 1059], [1125, 1043], [1123, 1032]]",208.51216671444953,0.3889556674782289,0.3411338810703083,0
"[[1123, 1032], [1125, 1043], [1193, 1027], [1191, 1016]]",208.23461119186047,0.4304187863372093,0.3723880960848018,0
"[[1191, 1016], [1193, 1027], [1261, 1012], [1259, 1001]]",207.77702505827506,0.34637882050165913,0.3080959552154482,1
"[[1259, 1001], [1261, 1012], [1329, 996], [1327, 985]]",207.5260719476744,0.3619353857251346,0.3202799008073419,0
"[[1327, 985], [1329, 996], [1398, 980], [1396, 969]]",207.14763116399084,0.33686583632722905,0.3005806622294208,1
"[[1396, 969], [1398, 980], [1466, 964], [1464, 953]]",206.90879360465115,0.4001899186954942,0.34969058047741874,0
"[[1464, 953], [1466, 964], [1534, 949], [1532, 938]]",206.64038825757575,0.4272174612903373,0.3700067152571743,0
"[[1532, 938], [1534, 949], [1602, 933], [1600, 922]]",206.43442950581397,0.45958241307458214,0.3938416160187463,0
"[[1600, 922], [1602, 933], [1671, 917], [1669, 906]]",206.24265338302752,0.4843417876357332,0.4117194657087052,0
"[[1669, 906], [1671, 917], [1739, 902], [1737, 891]]",205.986833479021,0.5278725435128023,0.44242034716161,0
"[[1737, 891], [1739, 902], [1807, 886], [1805, 875]]",205.88390261627907,0.6300666986509811,0.5109723494253958,0
"[[1805, 875], [1807, 886], [1875, 870], [1873, 859]]",205.06989462209302,0.2959024342724553,0.26764989914605997,1
"[[1873, 859], [1875, 870], [1943, 854], [1941, 843]]",204.53655523255813,0.3324270204056141,0.29705706639575763,1
"[[1941, 843], [1943, 854], [2012, 839], [2010, 828]]",204.0693247126437,0.3956065912356322,0.3462076435770588,0
"[[2010, 828], [2012, 839], [2080, 823], [2078, 812]]",203.61482558139534,0.492376708984375,0.41745585867615814,0
"[[2078, 812], [2080, 823], [2148, 807], [2146, 796]]",203.1309956395349,0.37183480490350335,0.32796533838721387,0
"[[2146, 796], [2148, 807], [2216, 792], [2214, 781]]",202.81945658508158,0.41133750791038387,0.35811596203223367,0
"[[2214, 781], [2216, 792], [2285, 776], [2283, 765]]",202.444344896789,0.33962235756970327,0.3027634027114931,1
"[[2283, 765], [2285, 776], [2331, 767], [2328, 755]]",202.36034030065898,0.28623683370122016,0.25974298918843053,1
"[[479, 1142], [482, 1154], [550, 1138], [547, 1126]]",211.60431500527426,0.4539106344874901,0.389703054413639,0
"[[547, 1126], [550, 1138], [618, 1122], [615, 1110]]",211.39761339662448,0.38580718639659783,0.3387238800947538,0
"[[615, 1110], [618, 1122], [686, 1106], [683, 1094]]",211.16636998945148,0.38674043778255346,0.3394387822516401,0
"[[683, 1094], [686, 1106], [754, 1091], [751, 1079]]",210.73958333333334,0.31949557288218355,0.28673016620383956,1
"[[751, 1079], [754, 1091], [823, 1075], [820, 1063]]",210.3041590790843,0.25755521676836224,0.2359672795967439,1
"[[820, 1063], [823, 1075], [891, 1059], [888, 1047]]",209.90058016877637,0.33819660556970266,0.30163494494527704,1
"[[888, 1047], [891, 1059], [959, 1044], [956, 1032]]",209.55089285714286,0.4095456077938988,0.3567660060809908,0
"[[956, 1032], [959, 1044], [1027, 1028], [1024, 1016]]",209.00271954113924,0.3492258772065368,0.31033556638460097,1
"[[1024, 1016], [1027, 1028], [1096, 1012], [1093, 1000]]",208.564142169615,0.33654820124308266,0.3003288772797728,1
"[[1093, 1000], [1096, 1012], [1164, 997], [1161, 985]]",208.16529431216932,0.31353983064977137,0.2819429009283877,1
"[[1161, 985], [1164, 997], [1232, 981], [1229, 969]]",207.87762064873417,0.3758269684224189,0.3310498407127891,0
"[[1229, 969], [1232, 981], [1300, 965], [1297, 953]]",207.56179127109704,0.36714288252818433,0.3243292971371746,0
"[[1297, 953], [1300, 965], [1368, 950], [1365, 938]]",207.2078869047619,0.2826863929708168,0.2568252954691179,1
"[[1365, 938], [1368, 950], [1437, 934], [1434, 922]]",206.92974440686785,0.33022867626393054,0.2953079892656373,1
"[[1434, 922], [1437, 934], [1505, 918], [1502, 906]]",206.79056236814347,0.4036320300641004,0.35229905797211897,0
"[[1502, 906], [1505, 918], [1573, 902], [1570, 890]]",206.6210772679325,0.47713501878877373,0.4065471927584832,0
"[[1570, 890], [1573, 902], [1641, 887], [1638, 875]]",206.39818121693122,0.4942057011491161,0.4187571983085823,0
"[[1638, 875], [1641, 887], [1710, 871], [1707, 859]]",206.02077913631635,0.4458014488220215,0.3837577716774,0
"[[1707, 859], [1710, 871], [1778, 855], [1775, 843]]",205.91010680379748,0.5662883645874538,0.4687583571919936,0
"[[1775, 843], [1778, 855], [1846, 840], [1843, 828]]",205.42992724867725,0.402660648406498,0.351563559478493,0
"[[1843, 828], [1846, 840], [1914, 824], [1911, 812]]",204.82151569092827,0.30758731375263715,0.27713853066075333,1
"[[1911, 812], [1914, 824], [1983, 808], [1980, 796]]",204.260194458897,0.31934949733960394,0.28661298489845827,1
"[[1980, 796], [1983, 808], [2051, 793], [2048, 781]]",203.82329695767197,0.42546664444857807,0.368702102198451,0
"[[2048, 781], [2051, 793], [2119, 777], [2116, 765]]",203.2121901371308,0.348404091621753,0.3096895678796779,1
"[[2116, 765], [2119, 777], [2187, 761], [2184, 749]]",202.87847771624473,0.35480000298737474,0.31470768273304955,0
"[[2184, 749], [2187, 761], [2255, 746], [2252, 734]]",202.60795304232803,0.38763505239335316,0.3401236553031653,0
"[[2252, 734], [2255, 746], [2330, 729], [2327, 717]]",202.39926223608444,0.28084902479644014,0.2553125676019781,1
"[[455, 1110], [457, 1121], [525, 1105], [523, 1094]]",211.80728561046513,0.5046320715615916,0.4261443433896944,0
"[[523, 1094], [525, 1105], [593, 1089], [591, 1078]]",211.62492732558138,0.4726357748342115,0.40330503575426774,0
"[[591, 1078], [593, 1089], [661, 1073], [659, 1062]]",211.43521075581396,0.4733945693348006,0.4038525292234622,0
"[[659, 1062], [661, 1073], [729, 1058], [727, 1047]]",211.00205783799535,0.39666028729397607,0.34700933779979337,0
"[[727, 1047], [729, 1058], [798, 1042], [796, 1031]]",210.68680117545873,0.4243954299786769,0.36790311421234156,0
"[[796, 1031], [798, 1042], [866, 1026], [864, 1015]]",210.2252906976744,0.4404412557912427,0.37980962282338343,0
"[[864, 1015], [866, 1026], [934, 1011], [932, 1000]]",209.71754807692307,0.4253134326400044,0.3685878621174458,0
"[[932, 1000], [934, 1011], [1002, 995], [1000, 984]]",209.26028343023256,0.39311143218493855,0.3443069005428331,0
"[[1000, 984], [1002, 995], [1070, 979], [1068, 968]]",208.70499636627906,0.3366360925876969,0.3003985530585141,1
"[[1068, 968], [1070, 979], [1139, 963], [1137, 952]]",208.39135966169724,0.3645082176278491,0.322282376553449,0
"[[1137, 952], [1139, 963], [1207, 948], [1205, 937]]",208.0428868006993,0.3661320826390406,0.3235444276676249,0
"[[1205, 937], [1207, 948], [1275, 932], [1273, 921]]",207.8117914244186,0.37384694002837604,0.32952105500632506,0
"[[1273, 921], [1275, 932], [1343, 916], [1341, 905]]",207.40381540697675,0.31616937376932613,0.2840589708843857,1
"[[1341, 905], [1343, 916], [1411, 901], [1409, 890]]",207.29414335664336,0.39935013958226856,0.34905324409395855,0
"[[1409, 890], [1411, 901], [1480, 885], [1478, 874]]",206.9367295011468,0.37736307779947914,0.33223443734523156,0
"[[1478, 874], [1480, 885], [1548, 869], [1546, 858]]",206.7986918604651,0.4516225770462391,0.388028923246497,0
"[[1546, 858], [1548, 869], [1616, 853], [1614, 842]]",206.62309229651163,0.5389850159046675,0.4501109925686494,0
"[[1614, 842], [1616, 853], [1684, 838], [1682, 827]]",206.27347392191143,0.4657511844813267,0.39832447208513444,0
"[[1682, 827], [1684, 838], [1753, 822], [1751, 811]]",206.05194595756882,0.4938661417829881,0.4185157237761902,0
"[[1751, 811], [1753, 822], [1821, 806], [1819, 795]]",205.95158066860466,0.5980330356331759,0.49000192116726904,0
"[[1819, 795], [1821, 806], [1889, 791], [1887, 780]]",205.07209717365967,0.34350390311999196,0.3058299588439239,1
"[[1887, 780], [1889, 791], [1957, 775], [1955, 764]]",204.52834302325581,0.421132109885992,0.36546545480297127,0
"[[1955, 764], [1957, 775], [2025, 759], [2023, 748]]",204.03680959302326,0.41046067971705835,0.35745559835393,0
"[[2023, 748], [2025, 759], [2094, 743], [2092, 732]]",203.40943950688074,0.3653620098708966,0.32294611135540074,0
"[[2092, 732], [2094, 743], [2162, 728], [2160, 717]]",202.9497923951049,0.3906715944374636,0.3424451326542096,0
"[[2160, 717], [2162, 728], [2230, 712], [2228, 701]]",202.65139898255813,0.33193941338117733,0.29666933865714384,1
"[[2228, 701], [2230, 712], [2298, 696], [2296, 685]]",202.47305595930231,0.3044619183207667,0.2746080632776281,1
"[[2296, 685], [2298, 696], [2329, 691], [2326, 679]]",202.4124961797066,0.325064847988138,0.2911890219457646,1
"[[432, 1077], [434, 1089], [502, 1073], [500, 1061]]",211.85162136706137,0.42132502446679265,0.36560971228806827,0
"[[500, 1061], [502, 1073], [570, 1057], [568, 1045]]",211.61457212055973,0.3968663380063813,0.3471660413226008,0
"[[568, 1045], [570, 1057], [638, 1041], [636, 1029]]",211.57096003767492,0.5078126644266063,0.42838725395449895,0
"[[636, 1029], [638, 1041], [706, 1026], [704, 1014]]",211.13391653182308,0.4211630331503378,0.36548857986504696,0
"[[704, 1014], [706, 1026], [775, 1010], [773, 998]]",210.79680865180467,0.3548963751473665,0.3147831253338539,0
"[[773, 998], [775, 1010], [843, 994], [841, 982]]",210.38907763724436,0.3699999513297245,0.3265448059488867,0
"[[841, 982], [843, 994], [911, 978], [909, 966]]",209.95645519375674,0.4660937552559876,0.39857286001958625,0
"[[909, 966], [911, 978], [979, 963], [977, 951]]",209.38577063106797,0.38683611263863604,0.3395120464173231,0
"[[977, 951], [979, 963], [1048, 947], [1046, 935]]",208.95753715498938,0.3440751644709561,0.30628058228139493,1
"[[1046, 935], [1048, 947], [1116, 931], [1114, 919]]",208.5265238159311,0.31710005578099715,0.28480699837334983,1
"[[1114, 919], [1116, 931], [1184, 916], [1182, 904]]",208.1614077669903,0.3177865531452265,0.28535845683391786,1
"[[1182, 904], [1184, 916], [1252, 900], [1250, 888]]",207.97377892895588,0.38357047911480757,0.33700861159915074,0
"[[1250, 888], [1252, 900], [1321, 884], [1319, 872]]",207.59224057855627,0.33272270040309176,0.29729211707047143,1
"[[1319, 872], [1321, 884], [1389, 868], [1387, 856]]",207.29865783100107,0.3317619249658677,0.29652817380383684,1
"[[1387, 856], [1389, 868], [1457, 853], [1455, 841]]",207.11598233549083,0.3717027518098537,0.3278631637366351,0
"[[1455, 841], [1457, 853], [1525, 837], [1523, 825]]",206.96858180839612,0.48351817546799314,0.4111296630081844,0
"[[1523, 825], [1525, 837], [1593, 821], [1591, 809]]",206.70976856835307,0.48510367294837686,0.41226476639671006,0
"[[1591, 809], [1593, 821], [1662, 806], [1660, 794]]",206.31933178191488,0.34722308889110753,0.30876055019142434,1
"[[1660, 794], [1662, 806], [1730, 790], [1728, 778]]",206.18585172228202,0.41418977179830774,0.3602613196830986,0
"[[1728, 778], [1730, 790], [1798, 774], [1796, 762]]",205.8782460979548,0.5279286100225377,0.4424592974922824,0
"[[1796, 762], [1798, 774], [1866, 758], [1864, 746]]",205.26348896663077,0.326287966626581,0.2921659787571256,1
"[[1864, 746], [1866, 758], [1935, 743], [1933, 731]]",204.7251329787234,0.3342370865192819,0.29849522610934537,1
"[[1933, 731], [1935, 743], [2003, 727], [2001, 715]]",204.19548910118408,0.3889156214259284,0.3411032607299801,0
"[[2001, 715], [2003, 727], [2071, 711], [2069, 699]]",203.60957682992466,0.34661953929166106,0.30828548476994183,1
"[[2069, 699], [2071, 711], [2139, 696], [2137, 684]]",203.1301577669903,0.3476317898483853,0.3090821341972588,1
"[[2137, 684], [2139, 696], [2208, 680], [2206, 668]]",202.76081475583865,0.30307191496442076,0.2734808967030993,1
"[[2206, 668], [2208, 680], [2276, 664], [2274, 652]]",202.53419335306782,0.31212567513160994,0.2808033001733826,1
"[[2274, 652], [2276, 664], [2328, 653], [2325, 641]]",202.429764200561,0.24479382101650157,0.22523648648312272,2
"[[400, 1046], [403, 1058], [471, 1042], [468, 1030]]",211.99762658227849,0.434445884744957,0.37537628690899455,0
"[[468, 1030], [471, 1042], [539, 1026], [536, 1014]]",211.77220134493672,0.42412942553323413,0.3677046176171913,0
"[[536, 1014], [539, 1026], [607, 1010], [604, 998]]",211.5860858386076,0.4594751053903775,0.3937634663813012,0
"[[604, 998], [607, 1010], [675, 995], [672, 983]]",211.32450396825396,0.4839237989005396,0.4114201787446974,0
"[[672, 983], [675, 995], [744, 979], [741, 967]]",211.00325182101977,0.3934522833640185,0.3445667445497278,0
"[[741, 967], [744, 979], [812, 963], [809, 951]]",210.6212585706751,0.4475539002237441,0.3850454077999445,0
"[[809, 951], [812, 963], [880, 948], [877, 936]]",210.14041005291006,0.3998582950975529,0.3494389443882951,0
"[[877, 936], [880, 948], [948, 932], [945, 920]]",209.64652558016877,0.3467819068852297,0.30841330685830687,1
"[[945, 920], [948, 932], [1017, 916], [1014, 904]]",209.1237480489074,0.32357476552327474,0.28999771516303907,1
"[[1014, 904], [1017, 916], [1085, 901], [1082, 889]]",208.7341765873016,0.3434089781746032,0.3057550627613597,1
"[[1082, 889], [1085, 901], [1153, 885], [1150, 873]]",208.37181896097047,0.32826807130970864,0.293745825680281,1
"[[1150, 873], [1153, 885], [1221, 869], [1218, 857]]",208.11074301160338,0.3625826936230881,0.32078404551125134,0
"[[1218, 857], [1221, 869], [1289, 854], [1286, 842]]",207.81226851851852,0.3421955108642578,0.3047972009055341,1
"[[1286, 842], [1289, 854], [1358, 838], [1355, 826]]",207.47167663891778,0.31906223396563804,0.28638250873872234,1
"[[1355, 826], [1358, 838], [1426, 822], [1423, 810]]",207.4786062763713,0.45198825240638185,0.3882966589230069,0
"[[1423, 810], [1426, 822], [1494, 807], [1491, 795]]",207.31304563492063,0.5443203812938625,0.45378255599888784,0
"[[1491, 795], [1494, 807], [1562, 791], [1559, 779]]",207.09646954113924,0.5775364743003363,0.4763388865202004,0
"[[1559, 779], [1562, 791], [1631, 775], [1628, 763]]",206.64940491675338,0.4081121756308533,0.35568490527364777,0
"[[1628, 763], [1631, 775], [1699, 760], [1696, 748]]",206.32402447089947,0.42876016044414433,0.3711549449367863,0
"[[1696, 748], [1699, 760], [1767, 744], [1764, 732]]",206.03634295886076,0.5105378678076378,0.43030511835250534,0
"[[1764, 732], [1767, 744], [1835, 728], [1832, 716]]",205.64599815400845,0.500554177328504,0.4232614575796086,0
"[[1832, 716], [1835, 728], [1903, 713], [1900, 701]]",204.94353505291005,0.29831572710457493,0.2696158715503984,1
"[[1900, 701], [1903, 713], [1972, 697], [1969, 685]]",204.51791753381895,0.3882618089372236,0.34060321758191325,0
"[[1969, 685], [1972, 697], [2040, 681], [2037, 669]]",203.87285733122363,0.32197651279626516,0.2887185650968829,1
"[[2037, 669], [2040, 681], [2108, 666], [2105, 654]]",203.33191137566138,0.3275188466228505,0.2931483028782728,1
"[[2105, 654], [2108, 666], [2176, 650], [2173, 638]]",202.9352914029536,0.32671990374472576,0.2925107883314693,1
"[[2173, 638], [2176, 650], [2245, 634], [2242, 622]]",202.69953173777316,0.330532840089669,0.2955501504935579,1
"[[2242, 622], [2245, 634], [2327, 615], [2324, 604]]",202.56265696347032,0.332766375258633,0.2973268323116428,1
"[[368, 1016], [370, 1028], [438, 1012], [436, 1000]]",212.16997443487622,0.4282956816280106,0.3708093623361648,0
"[[436, 1000], [438, 1012], [506, 996], [504, 984]]",212.02603606027986,0.4281688636689253,0.37071498769575534,0
"[[504, 984], [506, 996], [574, 980], [572, 968]]",211.77008207750268,0.43691687393599987,0.37720570607720133,0
"[[572, 968], [574, 980], [642, 965], [640, 953]]",211.50787149406688,0.4371247492609797,0.37735946626117317,0
"[[640, 953], [642, 965], [711, 949], [709, 937]]",211.23868763269638,0.40846884174711384,0.3559540043558534,0
"[[709, 937], [711, 949], [779, 933], [777, 921]]",210.8677173035522,0.39803659954420073,0.3480556138607395,0
"[[777, 921], [779, 933], [847, 918], [845, 906]]",210.49165655339806,0.47879713812348135,0.40774237294342447,0
"[[845, 906], [847, 918], [915, 902], [913, 890]]",210.0165836921421,0.4110953635881997,0.3579336363443777,0
"[[913, 890], [915, 902], [983, 886], [981, 874]]",209.34127758342302,0.3427828098165578,0.3052608910165,1
"[[981, 874], [983, 886], [1052, 870], [1050, 858]]",208.86808320063693,0.33496242774266854,0.29907103071398905,1
"[[1050, 858], [1052, 870], [1120, 855], [1118, 843]]",208.55265641855448,0.3648404118312601,0.32254066952077376,0
"[[1118, 843], [1120, 855], [1188, 839], [1186, 827]]",208.24157360064586,0.3413033377623789,0.3040924438881803,1
"[[1186, 827], [1188, 839], [1256, 823], [1254, 811]]",208.01338805166847,0.32567416582220465,0.2916758130437714,1
"[[1254, 811], [1256, 823], [1325, 808], [1323, 796]]",207.66692154255318,0.32705265975480896,0.2927763528946016,1
"[[1323, 796], [1325, 808], [1393, 792], [1391, 780]]",207.58251480086113,0.4521294173947962,0.3883999972921452,0
"[[1391, 780], [1393, 792], [1461, 776], [1459, 764]]",207.43120963401506,0.4985817045903693,0.42186409561149246,0
"[[1459, 764], [1461, 776], [1529, 760], [1527, 748]]",207.15710777717976,0.5499157202384957,0.45761852887410787,0
"[[1527, 748], [1529, 760], [1597, 745], [1595, 733]]",206.78878438511327,0.448639575855152,0.38584234114904736,0
"[[1595, 733], [1597, 745], [1666, 729], [1664, 717]]",206.34718351910828,0.3215940110226895,0.2884122232998861,1
"[[1664, 717], [1666, 729], [1734, 713], [1732, 701]]",206.00285925726587,0.36931985417787944,0.3260178218713927,0
"[[1732, 701], [1734, 713], [1802, 698], [1800, 686]]",205.7368190399137,0.48565094422110977,0.4126562854848718,0
"[[1800, 686], [1802, 698], [1870, 682], [1868, 670]]",205.46533571044134,0.43976651326190797,0.37931159322548363,0
"[[1868, 670], [1870, 682], [1939, 666], [1937, 654]]",204.73059315286625,0.3008568960137175,0.27168248189158317,1
"[[1937, 654], [1939, 666], [2007, 650], [2005, 638]]",204.17422968245424,0.31007970612624597,0.27915258151268224,1
"[[2005, 638], [2007, 650], [2075, 635], [2073, 623]]",203.5831142125135,0.28808807735175634,0.2612614779894388,1
"[[2073, 623], [2075, 635], [2143, 619], [2141, 607]]",203.1057420613563,0.2732951612852361,0.2490731893178749,1
"[[2141, 607], [2143, 619], [2211, 603], [2209, 591]]",202.8027953444564,0.24757597135907225,0.22758400004303436,2
"[[2209, 591], [2211, 603], [2280, 588], [2278, 576]]",202.58666888297873,0.2446287439224568,0.2250970566038907,2
"[[2278, 576], [2280, 588], [2325, 578], [2322, 566]]",202.46763754045307,0.24522780137540454,0.22560296570307994,2
"[[329, 987], [331, 999], [399, 983], [397, 971]]",212.28303283100107,0.37224159940289575,0.3282800327170503,0
"[[397, 971], [399, 983], [467, 967], [465, 955]]",212.11378162002154,0.36448486328125,0.32226421547960615,0
"[[465, 955], [467, 967], [535, 951], [533, 939]]",211.93815594725513,0.40559625882804073,0.3537848024798142,0
"[[533, 939], [535, 951], [603, 936], [601, 924]]",211.78767192556634,0.46860205895442425,0.4003897691478979,0
"[[602, 924], [604, 936], [672, 920], [670, 908]]",211.40525766953715,0.44874175200591215,0.38591731217618885,0
"[[670, 908], [672, 920], [740, 904], [738, 892]]",210.97623452637245,0.3863168913742592,0.33911438841725905,0
"[[738, 892], [740, 904], [808, 889], [806, 877]]",210.70464199029126,0.4352652046672735,0.3759832234987302,0
"[[806, 877], [808, 889], [876, 873], [874, 861]]",210.33253162002154,0.41784736953587526,0.36300624543933635,0
"[[875, 861], [877, 873], [945, 857], [943, 845]]",209.73025430570505,0.29972011397443027,0.27075843969815044,1
"[[943, 845], [945, 857], [1013, 842], [1011, 830]]",209.1981526429342,0.31127286343961147,0.2801155220560314,1
"[[1011, 829], [1013, 841], [1081, 826], [1079, 814]]",208.73626281014023,0.3026953125,0.27317532010746043,1
"[[1079, 814], [1081, 826], [1149, 810], [1147, 798]]",208.4392323735199,0.31047606236726333,0.2794725497294862,1
"[[1148, 798], [1150, 810], [1218, 794], [1216, 782]]",208.13583153928957,0.29386296452702704,0.265985904931969,1
"[[1216, 782], [1218, 794], [1286, 779], [1284, 767]]",207.97375606796118,0.3548565858383673,0.3147519778493842,0
"[[1284, 767], [1286, 779], [1354, 763], [1352, 751]]",207.95305772335846,0.5283487276830766,0.442751112229164,0
"[[1352, 751], [1354, 763], [1422, 747], [1420, 735]]",207.57995828848223,0.4837964800125303,0.4113289991278475,0
"[[1421, 735], [1423, 747], [1491, 732], [1489, 720]]",207.18859560409925,0.4944111966159895,0.4189033070495737,0
"[[1489, 720], [1491, 732], [1559, 716], [1557, 704]]",206.8719220936491,0.4201641082763672,0.3647413134781016,0
"[[1557, 704], [1559, 716], [1627, 700], [1625, 688]]",206.74672026372443,0.4673137664794922,0.39945697734227653,0
"[[1625, 688], [1627, 700], [1696, 685], [1694, 673]]",206.36961436170213,0.4432017874210439,0.38184476683127105,0
"[[1694, 672], [1696, 684], [1764, 669], [1762, 657]]",206.02624393203882,0.44192169090690736,0.38090152453817766,0
"[[1762, 657], [1764, 669], [1832, 653], [1830, 641]]",205.62173708288483,0.4756547252379911,0.405481603441914,0
"[[1830, 641], [1832, 653], [1900, 637], [1898, 625]]",205.082682992465,0.2984340901780308,0.26971221102113896,1
"[[1898, 625], [1900, 637], [1969, 622], [1967, 610]]",204.54539561170213,0.3636389225087267,0.3216061880239234,0
"[[1967, 610], [1969, 622], [2037, 606], [2035, 594]]",203.9593144510226,0.31201194894724876,0.2807116053260127,1
"[[2035, 594], [2037, 606], [2105, 590], [2103, 578]]",203.39728538751345,0.3075970504974267,0.2771464054643604,1
"[[2103, 578], [2105, 590], [2173, 575], [2171, 563]]",203.00048880798275,0.26272788762789073,0.24029003067028454,1
"[[2171, 563], [2173, 575], [2242, 559], [2240, 547]]",202.7128947717622,0.2711129158165804,0.24726462436689817,1
"[[2240, 547], [2242, 559], [2323, 540], [2320, 529]]",202.5457159624413,0.2849177257555751,0.25865980240586034,1
"[[36, 713], [38, 724], [106, 708], [104, 697]]",213.66593386627906,0.4220299299373183,0.3661366626003754,0
"[[104, 697], [106, 708], [174, 692], [172, 681]]",213.57185683139534,0.41846796080123544,0.3634712949600525,0
"[[172, 681], [174, 692], [242, 676], [240, 665]]",213.4501816860465,0.4401699687159339,0.37960941284500577,0
"[[240, 665], [242, 676], [310, 661], [308, 650]]",213.31503132284382,0.4284010311384579,0.3708877544338651,0
"[[308, 650], [310, 661], [379, 645], [377, 634]]",212.95307124426606,0.38488832743724827,0.33801955311853976,0
"[[377, 634], [379, 645], [447, 629], [445, 618]]",212.78008720930234,0.39235389177189317,0.3437291793649178,0
"[[445, 618], [447, 629], [515, 614], [513, 603]]",212.60265515734267,0.3880497366016081,0.34044097381474,0
"[[513, 603], [515, 614], [583, 598], [581, 587]]",212.3259265988372,0.36332039056822313,0.3213583137164106,0
"[[581, 587], [583, 598], [652, 582], [650, 571]]",212.00462299311926,0.3724813898768994,0.32846549213498805,0
"[[650, 571], [652, 582], [720, 567], [718, 556]]",211.5195767773893,0.3957189457677739,0.3462931551760359,0
"[[718, 556], [720, 567], [788, 551], [786, 540]]",211.2953851744186,0.4090778555347647,0.3564133428067235,0
"[[786, 540], [788, 551], [856, 535], [854, 524]]",210.86051962209302,0.35778638263081397,0.31704316803134613,0
"[[854, 524], [856, 535], [925, 520], [923, 509]]",210.43096264367816,0.32293785455174767,0.2894881371092326,1
"[[296, 957], [298, 968], [366, 952], [364, 941]]",212.41506177325581,0.3325772546970719,0.2971765010677642,1
"[[364, 941], [366, 952], [434, 936], [432, 925]]",212.26767805232558,0.34784733971884085,0.3092517018539023,1
"[[432, 925], [434, 936], [502, 920], [500, 909]]",212.12214752906976,0.4328253038826033,0.37417478047156316,0
"[[500, 909], [502, 920], [570, 905], [568, 894]]",211.76475087412587,0.35665249017739936,0.31615697902268125,0
"[[568, 894], [570, 905], [639, 889], [637, 878]]",211.6664994266055,0.41720893246003954,0.36252761503336445,0
"[[637, 878], [639, 889], [707, 873], [705, 862]]",211.3243640988372,0.48000839588253996,0.4086124890763701,0
"[[705, 862], [707, 873], [775, 857], [773, 846]]",210.9148074127907,0.40427591414890135,0.35278631437776486,0
"[[773, 846], [775, 857], [843, 842], [841, 831]]",210.56437572843822,0.4138672159878209,0.36001891792226975,0
"[[841, 831], [843, 842], [911, 826], [909, 815]]",210.03719113372094,0.35509710977243825,0.3149402494451648,0
"[[909, 815], [911, 826], [980, 810], [978, 799]]",209.56246416284404,0.3941940114467959,0.34513198134495765,0
"[[978, 799], [980, 810], [1048, 794], [1046, 783]]",209.03070494186048,0.3578189587842877,0.3170686175464366,0
"[[1046, 783], [1048, 794], [1116, 779], [1114, 768]]",208.67060023310023,0.3491119420375401,0.3102460248092722,1
"[[1114, 768], [1116, 779], [1184, 763], [1182, 752]]",208.38829941860465,0.3414168085846551,0.30418210232295034,1
"[[1182, 752], [1184, 763], [1252, 747], [1250, 736]]",208.17739825581396,0.4288992238599201,0.3712583896781736,0
"[[1250, 736], [1252, 747], [1321, 732], [1319, 721]]",207.97338362068965,0.42525715444279816,0.36854589609310406,0
"[[1319, 721], [1321, 732], [1389, 716], [1387, 705]]",207.60764898255815,0.390503250175485,0.34231655850940346,0
"[[1387, 705], [1389, 716], [1457, 700], [1455, 689]]",207.37476380813953,0.41010828873053695,0.3571900903399587,0
"[[1455, 689], [1457, 700], [1525, 684], [1523, 673]]",206.95806686046512,0.4001792479898328,0.3496824844391797,0
"[[1523, 673], [1525, 684], [1594, 669], [1592, 658]]",206.71036278735633,0.4412570334413658,0.3804114413407287,0
"[[1592, 658], [1594, 669], [1662, 653], [1660, 642]]",206.66448037790698,0.5435671429301417,0.45326502959533727,0
"[[1660, 642], [1662, 653], [1730, 637], [1728, 626]]",206.13680959302326,0.3961008116256359,0.34658373885202853,0
"[[1728, 626], [1730, 637], [1798, 621], [1796, 610]]",206.05523255813952,0.5933273315429688,0.48688215977622296,0
"[[1796, 610], [1798, 621], [1866, 606], [1864, 595]]",205.28125,0.300436369318389,0.27134073793589414,1
"[[1864, 595], [1866, 606], [1935, 590], [1933, 579]]",204.87845828555047,0.33627924787888835,0.30011563850871453,1
"[[1933, 579], [1935, 590], [2003, 574], [2001, 563]]",204.30846656976743,0.39663249171057413,0.3469881972892887,0
"[[2001, 563], [2003, 574], [2071, 559], [2069, 548]]",203.71436115967367,0.3220947550171183,0.2888132477354473,1
"[[2069, 548], [2071, 559], [2139, 543], [2137, 532]]",203.22216569767443,0.2954336217451706,0.2672676043513215,1
"[[2137, 532], [2139, 543], [2207, 527], [2205, 516]]",202.90555959302327,0.28231660709824674,0.25652100032993214,1
"[[2205, 516], [2207, 527], [2276, 511], [2274, 500]]",202.6810493119266,0.24906249440044437,0.228836447543,2
"[[2274, 500], [2276, 511], [2320, 503], [2317, 491]]",202.56111021157167,0.2232240195092858,0.2068826737255572,2
"[[13, 680], [16, 692], [84, 676], [81, 664]]",213.85179324894514,0.41504093355658694,0.3609007116108161,0
"[[81, 664], [84, 676], [152, 660], [149, 648]]",213.48020503691984,0.40057266814799247,0.34998093931079033,0
"[[149, 648], [152, 660], [220, 644], [217, 632]]",213.49840123945148,0.3744462089699532,0.32998397273772667,0
"[[217, 632], [220, 644], [289, 629], [286, 617]]",213.28227753131523,0.36068307842705066,0.31930392321422724,0
"[[286, 617], [289, 629], [357, 613], [354, 601]]",213.03794171940928,0.3544913810100918,0.3144660517671684,0
"[[354, 601], [357, 613], [425, 597], [422, 585]]",212.9075026371308,0.35528264438879165,0.3150854564670344,0
"[[422, 585], [425, 597], [493, 582], [490, 570]]",212.79160052910052,0.39031152472924935,0.34217010862491753,0
"[[491, 570], [494, 582], [562, 566], [559, 554]]",212.50497758438817,0.3759797850531283,0.33116774408165317,0
"[[559, 554], [562, 566], [630, 550], [627, 538]]",212.20477320675104,0.3924284987308808,0.34378609009278144,0
"[[627, 538], [630, 550], [698, 534], [695, 522]]",211.78789227320675,0.3965657873998714,0.34693746228091116,0
"[[695, 522], [698, 534], [767, 519], [764, 507]]",211.40866388308976,0.4098462908992947,0.35699264695251115,0
"[[764, 507], [767, 519], [835, 503], [832, 491]]",211.05692906118142,0.31404746057619254,0.2823517046245911,1
"[[832, 491], [835, 503], [893, 490], [891, 478]]",210.7959262701363,0.2974191732074491,0.2688858822434133,1
"[[263, 926], [266, 938], [334, 922], [331, 910]]",212.56630735759492,0.3437416447645514,0.3060175162274574,1
"[[331, 910], [334, 922], [402, 906], [399, 894]]",212.34693103902953,0.3460136445765757,0.30780837442638836,1
"[[399, 894], [402, 906], [470, 890], [467, 878]]",212.18649459388186,0.3097881615539938,0.27891716920255594,1
"[[467, 878], [470, 890], [538, 875], [535, 863]]",212.1025132275132,0.4168248413731812,0.36223956387983847,0
"[[535, 863], [538, 875], [607, 859], [604, 847]]",211.81147567637876,0.39194538750244906,0.34341751741151894,0
"[[604, 847], [607, 859], [675, 843], [672, 831]]",211.43405524789029,0.3762047837125462,0.3313413157813616,0
"[[672, 831], [675, 843], [743, 828], [740, 816]]",211.0903439153439,0.4497408427889385,0.38665010950855055,0
"[[740, 816], [743, 828], [811, 812], [808, 800]]",210.76310324367088,0.49128947111973664,0.41668150332271114,0
"[[808, 800], [811, 812], [880, 796], [877, 784]]",210.28620902705515,0.3799887940474634,0.3342563975841691,0
"[[877, 784], [880, 796], [948, 781], [945, 769]]",209.8710152116402,0.3854188888727797,0.33842629540177316,0
"[[945, 769], [948, 781], [1016, 765], [1013, 753]]",209.3311247362869,0.3791249915014339,0.33359162170051904,0
"[[1013, 753], [1016, 765], [1084, 749], [1081, 737]]",208.91933676160338,0.3341744016494429,0.2984454508457937,1
"[[1081, 737], [1084, 749], [1153, 733], [1150, 721]]",208.5837994276795,0.3599269894787865,0.31871426176130296,0
"[[1150, 721], [1153, 733], [1221, 718], [1218, 706]]",208.3219742063492,0.3870386840174438,0.3396671519138794,0
"[[1218, 706], [1221, 718], [1289, 702], [1286, 690]]",208.07743275316454,0.39387212192785415,0.34488671970379475,0
"[[1286, 690], [1289, 702], [1357, 686], [1354, 674]]",207.70681698312237,0.38375922309027777,0.33715345638447247,0
"[[1354, 674], [1357, 686], [1426, 671], [1423, 659]]",207.3935118736952,0.36793132614741,0.32494113071284364,0
"[[1423, 659], [1426, 671], [1494, 655], [1491, 643]]",207.05511603375527,0.32777714477280984,0.29335433609911177,1
"[[1491, 643], [1494, 655], [1562, 639], [1559, 627]]",206.81098364978902,0.3976724336618103,0.34777887069658303,0
"[[1559, 627], [1562, 639], [1630, 624], [1627, 612]]",206.61800595238094,0.3950043857287248,0.3457491996531773,0
"[[1627, 612], [1630, 624], [1698, 608], [1695, 596]]",206.1843848892405,0.3299759378403016,0.2951067319101599,1
"[[1695, 596], [1698, 608], [1767, 592], [1764, 580]]",205.91581035379812,0.29764200422939974,0.2690673571938201,1
"[[1764, 580], [1767, 592], [1835, 576], [1832, 564]]",205.7131131329114,0.4232261432374077,0.3670303025438934,0
"[[1832, 564], [1835, 576], [1903, 561], [1900, 549]]",205.13983134920636,0.27254842122395834,0.2484546250332307,1
"[[1900, 549], [1903, 561], [1971, 545], [1968, 533]]",204.64659150843883,0.38546031077786763,0.3384580442524479,0
"[[1968, 533], [1971, 545], [2040, 529], [2037, 517]]",204.04308662851196,0.3611626441471286,0.31967776929905106,0
"[[2037, 517], [2040, 529], [2108, 514], [2105, 502]]",203.4622023809524,0.29308087384259257,0.2653471792391694,1
"[[2105, 502], [2108, 514], [2176, 498], [2173, 486]]",203.05730814873417,0.27943974104611685,0.2541509865975536,1
"[[2173, 486], [2176, 498], [2244, 482], [2241, 470]]",202.8087256065401,0.2769283503922732,0.2520782085102959,1
"[[2241, 470], [2244, 482], [2318, 466], [2315, 454]]",202.63034539473685,0.24138077704297636,0.2223504775700711,2
"[[64, 630], [67, 642], [135, 626], [132, 614]]",213.66501845991561,0.32418259295390045,0.29048381534050155,1
"[[132, 614], [135, 626], [203, 610], [200, 598]]",213.5240473364979,0.3563927848840087,0.3159539098074584,0
"[[200, 598], [203, 610], [271, 595], [268, 583]]",213.3321097883598,0.30811611592200755,0.27756613430996196,1
"[[268, 583], [271, 595], [340, 579], [337, 567]]",213.25081295525493,0.3959757168091203,0.3464885554498353,0
"[[337, 567], [340, 579], [408, 563], [405, 551]]",212.98440796413502,0.3583755654462044,0.3175033677899056,0
"[[405, 551], [408, 563], [476, 548], [473, 536]]",212.85570436507936,0.40643025154008366,0.354415026618298,0
"[[473, 536], [476, 548], [544, 532], [541, 520]]",212.56492286392404,0.363754433418628,0.32169606252601285,0
"[[542, 520], [545, 532], [613, 516], [610, 504]]",212.26920160864978,0.34674152744470266,0.30838151992914076,1
"[[610, 504], [613, 516], [681, 501], [678, 489]]",212.18348214285714,0.46703400788483795,0.3992543077378455,0
"[[678, 489], [681, 501], [749, 485], [746, 473]]",211.81395042194092,0.42559179610158726,0.36879541068507665,0
"[[746, 473], [749, 485], [818, 469], [815, 457]]",211.33140933922996,0.40392752021210004,0.3525226956992583,0
"[[815, 457], [818, 469], [865, 458], [862, 447]]",211.26026856240125,0.4076263427734375,0.3553182453185035,0
"[[235, 894], [238, 906], [306, 890], [303, 878]]",212.7451872362869,0.3485904754154266,0.3098361146794367,1
"[[303, 878], [306, 890], [374, 874], [371, 862]]",212.5852782172996,0.3176199205330008,0.2852246260454487,1
"[[371, 862], [374, 874], [442, 858], [439, 846]]",212.33483320147678,0.3004919936312038,0.27138594711308217,1
"[[439, 846], [442, 858], [510, 843], [507, 831]]",212.18381283068783,0.3378249247362659,0.3013405835976654,1
"[[507, 831], [510, 843], [579, 827], [576, 815]]",212.0098204994797,0.4105157216389974,0.35749706370869166,0
"[[576, 815], [579, 827], [647, 811], [644, 799]]",211.65277228375527,0.39234504941654,0.34372243415811665,0
"[[644, 799], [647, 811], [715, 796], [712, 784]]",211.20780423280422,0.4185137298681071,0.3635055848234897,0
"[[712, 784], [715, 796], [783, 780], [780, 768]]",210.75461497890296,0.3538700362383309,0.3139794230548519,0
"[[780, 768], [783, 780], [852, 764], [849, 752]]",210.4461986212279,0.36852110861737486,0.3253985853338993,0
"[[849, 752], [852, 764], [920, 749], [917, 737]]",209.97430555555556,0.35725979275173614,0.31663170009319735,0
"[[917, 737], [920, 749], [988, 733], [985, 721]]",209.58547600210971,0.31921496169979563,0.2865050504152678,1
"[[985, 721], [988, 733], [1056, 717], [1053, 705]]",209.2292161128692,0.4046628925843123,0.3530790544482031,0
"[[1053, 705], [1056, 717], [1124, 701], [1121, 689]]",208.76071334388186,0.37687129411013315,0.33185532669692835,0
"[[1121, 689], [1124, 701], [1193, 686], [1190, 674]]",208.44033794363256,0.34025867414274974,0.3032666779669402,1
"[[1190, 674], [1193, 686], [1261, 670], [1258, 658]]",208.1323345200422,0.36814479163229274,0.32510672303822413,0
"[[1258, 658], [1261, 670], [1329, 654], [1326, 642]]",207.85131526898735,0.3798925665360463,0.33418236123119116,0
"[[1326, 642], [1329, 654], [1397, 639], [1394, 627]]",207.5804398148148,0.3882250911975033,0.34057512875077656,0
"[[1394, 627], [1397, 639], [1466, 623], [1463, 611]]",207.22759495317376,0.3425552591152629,0.3050812552208493,1
"[[1463, 611], [1466, 623], [1534, 607], [1531, 595]]",206.98000725210971,0.413084064463459,0.35943015239669646,0
"[[1531, 595], [1534, 607], [1602, 592], [1599, 580]]",206.87402447089949,0.4356975878699351,0.37630338644668104,0
"[[1599, 580], [1602, 592], [1670, 576], [1667, 564]]",206.57949301160338,0.43132237945427876,0.37305930368697615,0
"[[1667, 564], [1670, 576], [1738, 560], [1735, 548]]",206.27722837552741,0.44442320423871434,0.3827439944535027,0
"[[1735, 548], [1738, 560], [1807, 545], [1804, 533]]",206.09197220772444,0.5379843184246151,0.4494208500566255,0
"[[1804, 533], [1807, 545], [1875, 529], [1872, 517]]",205.47196400316454,0.3230334356521703,0.28956462366710073,1
"[[1872, 517], [1875, 529], [1943, 513], [1940, 501]]",204.93402228375527,0.34682986102526703,0.30845105548433527,1
"[[1940, 501], [1943, 513], [2011, 497], [2008, 485]]",204.34457410337552,0.34691462134510154,0.308517774210161,1
"[[2008, 485], [2011, 497], [2080, 482], [2077, 470]]",203.74758611691024,0.33242093844801995,0.2970522310430693,1
"[[2077, 470], [2080, 482], [2148, 466], [2145, 454]]",203.27432753164558,0.28644078894506525,0.2599103792518305,1
"[[2145, 454], [2148, 466], [2216, 450], [2213, 438]]",202.94916930379748,0.25161240445774485,0.2309818461712281,1
"[[2213, 438], [2216, 450], [2284, 435], [2281, 423]]",202.7419642857143,0.2936675218047288,0.2658263211059896,1
"[[2281, 423], [2284, 435], [2316, 428], [2313, 416]]",202.61466956401765,0.2873108112706547,0.26062415910496833,1
"[[165, 569], [168, 581], [236, 565], [233, 553]]",213.34243143459915,0.283872998716459,0.2578012238795132,1
"[[233, 553], [236, 565], [304, 549], [301, 537]]",213.33020174050634,0.3392817045088932,0.30249388269958816,1
"[[301, 537], [304, 549], [372, 533], [369, 521]]",213.13007647679325,0.3522036931064225,0.31267333545631093,0
"[[369, 521], [372, 533], [440, 518], [437, 506]]",212.9987599206349,0.4221691519527112,0.3662407073622396,0
"[[437, 506], [440, 518], [509, 502], [506, 490]]",212.72796891259105,0.3389291753381894,0.30221489976279153,1
"[[506, 490], [509, 502], [577, 486], [574, 474]]",212.56276371308016,0.3968629283159814,0.3471634484019664,0
"[[574, 474], [577, 486], [645, 470], [642, 458]]",212.29898470464136,0.4172623710793282,0.3625676855610063,0
"[[642, 458], [645, 470], [713, 455], [710, 443]]",212.01600529100529,0.3462062613673942,0.30796007168400147,1
"[[710, 443], [713, 455], [781, 439], [778, 427]]",211.70150975738397,0.3097008025671413,0.2788466205751791,1
"[[778, 427], [781, 439], [857, 422], [855, 410]]",211.35159966698382,0.35907646353918177,0.31805058267182484,0
"[[222, 518], [225, 530], [293, 514], [290, 502]]",213.24897811181435,0.34352999629793096,0.3058505455844182,1
"[[290, 502], [293, 514], [361, 498], [358, 486]]",213.19872428797467,0.3844425395383673,0.3376776853123631,0
"[[358, 486], [361, 498], [429, 482], [426, 470]]",212.9932753164557,0.38232976154138065,0.33605599774956496,0
"[[426, 470], [429, 482], [498, 467], [495, 455]]",212.7495106993737,0.3494308439690612,0.31049663190867133,1
"[[495, 455], [498, 467], [566, 451], [563, 439]]",212.4926654799578,0.3320275078868261,0.29673939792576365,1
"[[563, 439], [566, 451], [634, 435], [631, 423]]",212.24459388185653,0.3921748616021394,0.3435926019059735,0
"[[631, 423], [634, 435], [702, 420], [699, 408]]",212.00780423280423,0.32768461484292155,0.2932805332119966,1
"[[700, 408], [703, 420], [771, 404], [768, 392]]",211.69241165611814,0.3064873912347057,0.276248603810305,1
"[[768, 392], [771, 404], [824, 392], [822, 380]]",211.5061104533153,0.2889999781958305,0.2620087549632062,1
"[[203, 864], [205, 875], [273, 859], [271, 848]]",212.8338117732558,0.30990838893365746,0.279014254453745,1
"[[271, 848], [273, 859], [341, 843], [339, 832]]",212.62100290697674,0.357030197179123,0.31645225139992206,0
"[[339, 832], [341, 843], [409, 827], [407, 816]]",212.56268168604652,0.34986260672596015,0.31083584212649207,1
"[[407, 816], [409, 827], [477, 812], [475, 801]]",212.4489546911422,0.41370482544798953,0.35989686047416714,0
"[[475, 801], [477, 812], [546, 796], [544, 785]]",212.29266413417432,0.5018471368555361,0.4241763995623748,0
"[[544, 785], [546, 796], [614, 780], [612, 769]]",211.79471293604652,0.4878073404001635,0.41419753795278275,0
"[[612, 769], [614, 780], [682, 765], [680, 754]]",211.3035402097902,0.44751538541211394,0.3850171252789408,0
"[[680, 754], [682, 765], [750, 749], [748, 738]]",210.91606104651163,0.40390526235311774,0.35250585172724197,0
"[[748, 738], [750, 749], [818, 733], [816, 722]]",210.55234375,0.40107035082440046,0.35035837335697406,0
"[[816, 722], [818, 733], [887, 717], [885, 706]]",210.306640625,0.4754032170006988,0.40530044704077534,0
"[[885, 706], [887, 717], [955, 702], [953, 691]]",209.81840034965035,0.41560502485795453,0.3613242496245358,0
"[[953, 691], [955, 702], [1023, 686], [1021, 675]]",209.32948764534885,0.38750119370270664,0.34002120655131846,0
"[[1021, 675], [1023, 686], [1091, 670], [1089, 659]]",208.92865188953488,0.3599100157271984,0.3187010206781037,0
"[[1089, 659], [1091, 670], [1160, 655], [1158, 644]]",208.5847162356322,0.34140663585443604,0.3041740646746229,1
"[[1158, 644], [1160, 655], [1228, 639], [1226, 628]]",208.2649527616279,0.341251471103766,0.30405145935488653,1
"[[1226, 628], [1228, 639], [1296, 623], [1294, 612]]",208.0072492732558,0.3718237560480937,0.3279567898119245,0
"[[1294, 612], [1296, 623], [1364, 608], [1362, 597]]",207.6946569055944,0.3874849973025022,0.34000880999432737,0
"[[1362, 597], [1364, 608], [1432, 592], [1430, 581]]",207.31993095930233,0.37983898783839026,0.3341411362599398,0
"[[1430, 581], [1432, 592], [1501, 576], [1499, 565]]",207.16795083142202,0.4025520289548531,0.35148128572610754,0
"[[1499, 565], [1501, 576], [1569, 560], [1567, 549]]",207.01402616279069,0.4531614574796948,0.38915518584469083,0
"[[1567, 549], [1569, 560], [1637, 545], [1635, 534]]",206.82094988344988,0.49724968330009833,0.420919373293391,0
"[[1635, 534], [1637, 545], [1705, 529], [1703, 518]]",206.45025436046512,0.4545740881631541,0.3901879976339751,0
"[[1703, 518], [1705, 529], [1774, 513], [1772, 502]]",206.01146788990826,0.4517850963347549,0.38814792295534956,0
"[[1772, 502], [1774, 513], [1842, 498], [1840, 487]]",205.7539517773893,0.464868114266918,0.39768391318747565,0
"[[1840, 487], [1842, 498], [1910, 482], [1908, 471]]",205.19247819767443,0.31103853130229553,0.2799264662825867,1
"[[1908, 471], [1910, 482], [1978, 466], [1976, 455]]",204.7349382267442,0.44345539891442587,0.382031542229209,0
"[[1976, 455], [1978, 466], [2046, 451], [2044, 440]]",204.08448062354313,0.33099596428148675,0.2959187710518736,1
"[[2044, 440], [2046, 451], [2115, 435], [2113, 424]]",203.53492330848624,0.31218579493531395,0.2808517705026332,1
"[[2113, 424], [2115, 435], [2183, 419], [2181, 408]]",203.14227834302326,0.2564131145011005,0.2350107546318336,1
"[[2181, 408], [2183, 419], [2251, 403], [2249, 392]]",202.8841933139535,0.2617408654742524,0.23946637646823946,1
"[[2249, 392], [2251, 403], [2313, 391], [2310, 379]]",202.70464143120392,0.24385320421807732,0.22444179606912146,2
"[[274, 430], [277, 442], [345, 426], [342, 414]]",213.1818796149789,0.3472453595215876,0.3087780760456835,1
"[[342, 414], [345, 426], [413, 410], [410, 398]]",213.13571334388186,0.37820337791523523,0.3328819178570064,0
"[[410, 398], [413, 410], [482, 394], [479, 382]]",212.86664281997918,0.3299923957450795,0.2951198385219584,1
"[[479, 382], [482, 394], [550, 379], [547, 367]]",212.63260582010582,0.3868281477588718,0.33950594739991297,0
"[[547, 367], [550, 379], [620, 363], [618, 351]]",212.5139175257732,0.28253344246865303,0.2566994426010348,1
"[[240, 476], [243, 487], [311, 471], [308, 460]]",213.12434003995435,0.36144823995280323,0.3199003471185351,0
"[[308, 460], [311, 471], [379, 455], [376, 444]]",213.0968892694064,0.42576983209605623,0.36892813391538615,0
"[[376, 444], [379, 455], [447, 439], [444, 428]]",212.86752639840182,0.3820768308312178,0.33586169931389515,0
"[[444, 428], [447, 439], [515, 424], [512, 413]]",212.6060280641466,0.39322116148294317,0.34439055809120556,0
"[[512, 413], [515, 424], [584, 408], [581, 397]]",212.5016188063063,0.43584895778346705,0.37641544741035676,0
"[[581, 397], [584, 408], [652, 392], [649, 381]]",212.208957619863,0.3900421699976812,0.3419643287164075,0
"[[649, 381], [652, 392], [720, 376], [717, 365]]",211.96862514269407,0.29172232491629463,0.2642368460982845,1
"[[717, 365], [720, 376], [784, 363], [782, 351]]",211.77453785211267,0.25878121717920843,0.23699323177187595,1
"[[166, 834], [169, 846], [237, 830], [234, 818]]",212.97066191983123,0.3286392920127901,0.294041767753069,1
"[[234, 818], [237, 830], [305, 814], [302, 802]]",212.77244857594937,0.36073586508191585,0.319345079179246,0
"[[302, 802], [305, 814], [373, 798], [370, 786]]",212.67958860759492,0.35161072809650834,0.312208204299389,0
"[[370, 786], [373, 798], [441, 783], [438, 771]]",212.46901455026455,0.4269581305286872,0.36981357556106775,0
"[[438, 771], [441, 783], [510, 767], [507, 755]]",212.38551964099895,0.4259367685975013,0.3690525678255071,0
"[[507, 755], [510, 767], [578, 751], [575, 739]]",212.06927412974684,0.48504139176140115,0.41222020092607214,0
"[[575, 739], [578, 751], [646, 736], [643, 724]]",211.70568783068782,0.44940740999090606,0.3864056046463795,0
"[[643, 724], [646, 736], [714, 720], [711, 708]]",211.14425105485233,0.4537516103990486,0.38958678474573916,0
"[[711, 708], [714, 720], [783, 704], [780, 692]]",210.7501463319459,0.4684645970662435,0.40029027899177166,0
"[[780, 692], [783, 704], [851, 689], [848, 677]]",210.38068783068783,0.40532497829861114,0.3535797254581387,0
"[[848, 677], [851, 689], [919, 673], [916, 661]]",209.9882647679325,0.3507508033180438,0.31153332746621465,0
"[[916, 661], [919, 673], [987, 657], [984, 645]]",209.59670029008439,0.329218508953026,0.2945033758027126,1
"[[984, 645], [987, 657], [1056, 642], [1053, 630]]",209.20405467118997,0.3316644012865726,0.2964506012923734,1
"[[1053, 630], [1056, 642], [1124, 626], [1121, 614]]",208.8037645042194,0.3209359673537322,0.28788501355809876,1
"[[1121, 614], [1124, 626], [1192, 610], [1189, 598]]",208.46926094409284,0.27752098422221855,0.25256766310901685,1
"[[1189, 598], [1192, 610], [1260, 595], [1257, 583]]",208.14313822751322,0.3136796577897652,0.28205552057954125,1
"[[1257, 583], [1260, 595], [1329, 579], [1326, 567]]",207.88730814255985,0.3791805267333984,0.3336343731125921,0
"[[1326, 567], [1329, 579], [1397, 563], [1394, 551]]",207.5851463607595,0.3322567517244363,0.29692168962764076,1
"[[1394, 551], [1397, 563], [1465, 548], [1462, 536]]",207.2719742063492,0.3295943889212101,0.2948028353712501,1
"[[1462, 536], [1465, 548], [1533, 532], [1530, 520]]",206.99838475738397,0.4102494784620017,0.35729647710386486,0
"[[1530, 520], [1533, 532], [1602, 516], [1599, 504]]",206.81458116545267,0.45887924830118815,0.3933294125289795,0
"[[1599, 504], [1602, 516], [1670, 501], [1667, 489]]",206.44804894179893,0.46412822120642233,0.39714691112349915,0
"[[1667, 489], [1670, 501], [1738, 485], [1735, 473]]",206.08883834388186,0.3427971877165556,0.3052722404429109,1
"[[1735, 473], [1738, 485], [1806, 469], [1803, 457]]",205.71973892405063,0.41645259293825815,0.3619603213309258,0
"[[1803, 457], [1806, 469], [1875, 454], [1872, 442]]",205.46943502087683,0.35484870424340387,0.3147458079534903,0
"[[1872, 442], [1875, 454], [1943, 438], [1940, 426]]",205.02792062236287,0.28075317898421,0.25523360392058597,1
"[[1940, 426], [1943, 438], [2011, 422], [2008, 410]]",204.43962618670886,0.3618534333854442,0.3202160575667796,0
"[[2008, 410], [2011, 422], [2079, 407], [2076, 395]]",203.8644675925926,0.31275632825948424,0.28131165094774374,1
"[[2076, 395], [2079, 407], [2148, 391], [2145, 379]]",203.45427939646203,0.31955480029754163,0.28677767487063643,1
"[[2145, 379], [2148, 391], [2216, 375], [2213, 363]]",203.0884427742616,0.2700040632159398,0.24634460406858288,1
"[[2213, 363], [2216, 375], [2311, 353], [2308, 342]]",202.83204976303318,0.29544661786947,0.2672782037524217,1
"[[130, 805], [133, 816], [201, 800], [198, 789]]",213.14001855022832,0.33737820141936004,0.3009866906886136,1
"[[198, 789], [201, 800], [269, 784], [266, 773]]",212.96646689497717,0.3644985390580408,0.32227485022892033,0
"[[266, 773], [269, 784], [337, 768], [334, 757]]",212.7996040239726,0.4094943366646084,0.3567273556072907,0
"[[334, 757], [337, 768], [405, 753], [402, 742]]",212.6815936426117,0.4281441023921857,0.37069656003131246,0
"[[402, 742], [405, 753], [474, 737], [471, 726]]",212.42676661036037,0.350293825868842,0.31117452440876864,0
"[[471, 726], [474, 737], [542, 721], [539, 710]]",212.30691709474885,0.4669502293138199,0.3991936071915883,0
"[[539, 710], [542, 721], [610, 705], [607, 694]]",211.9732091894977,0.39672297647554583,0.3470570158755306,0
"[[607, 694], [610, 705], [678, 690], [675, 679]]",211.4687678980527,0.40505670326818444,0.3533768827162123,0
"[[675, 679], [678, 690], [747, 674], [744, 663]]",211.0259009009009,0.4383507118568764,0.37826583172163764,0
"[[744, 663], [747, 674], [815, 658], [812, 647]]",210.73062928082192,0.393359528284639,0.3444960398256479,0
"[[812, 647], [815, 658], [883, 643], [880, 632]]",210.2719967067583,0.3572382439702031,0.3166148590753218,0
"[[880, 632], [883, 643], [951, 627], [948, 616]]",209.88218821347033,0.34710390273838826,0.30866675216949735,1
"[[948, 616], [951, 627], [1020, 611], [1017, 600]]",209.46609304617118,0.39391433440887175,0.34491888633472256,0
"[[1017, 600], [1020, 611], [1088, 595], [1085, 584]]",208.9976455479452,0.2876050231653616,0.2608654381861878,1
"[[1085, 584], [1088, 595], [1156, 580], [1153, 569]]",208.6610466781214,0.2877045028511135,0.26094700901220513,1
"[[1153, 569], [1156, 580], [1224, 564], [1221, 553]]",208.32819634703196,0.3165392592617366,0.2843563206185352,1
"[[1221, 553], [1224, 564], [1293, 548], [1290, 537]]",208.02567215653153,0.3239238498447178,0.2902769146356215,1
"[[1290, 537], [1293, 548], [1361, 533], [1358, 522]]",207.79320589919817,0.36571430149493483,0.32321986757066157,0
"[[1358, 522], [1361, 533], [1429, 517], [1426, 506]]",207.4396404109589,0.2972458655681085,0.26874472014847645,1
"[[1426, 506], [1429, 517], [1497, 501], [1494, 490]]",207.205069206621,0.36655172293526783,0.3238703379047929,0
"[[1494, 490], [1497, 501], [1566, 485], [1563, 474]]",207.05037654842343,0.39751100701800846,0.3476561743550382,0
"[[1563, 474], [1566, 485], [1634, 470], [1631, 459]]",206.75164662084765,0.4152143375706973,0.36103092650860386,0
"[[1631, 459], [1634, 470], [1702, 454], [1699, 443]]",206.36185430936072,0.37563901853234055,0.3309048137579819,0
"[[1699, 443], [1702, 454], [1770, 438], [1767, 427]]",206.07213184931507,0.37120208215877365,0.3274756914446157,0
"[[1767, 427], [1770, 438], [1839, 423], [1836, 412]]",205.71354166666666,0.3914372158589336,0.343029693159455,0
"[[1836, 412], [1839, 423], [1907, 407], [1904, 396]]",205.30854023972603,0.28551663643973213,0.25915172069853626,1
"[[1904, 396], [1907, 407], [1975, 391], [1972, 380]]",204.80944991438355,0.36077926199776783,0.3193789131603803,0
"[[1972, 380], [1975, 391], [2043, 375], [2040, 364]]",204.17551369863014,0.342997151599596,0.30543007347560575,1
"[[2040, 364], [2043, 375], [2112, 360], [2109, 349]]",203.66022245762713,0.2804114405458133,0.25495201624630326,1
"[[2109, 349], [2112, 360], [2180, 344], [2177, 333]]",203.32883847031962,0.37039898737380494,0.32685389026833805,0
"[[2177, 333], [2180, 344], [2248, 328], [2245, 317]]",203.02718321917808,0.31697901198853096,0.284709737661573,1
"[[2245, 317], [2248, 328], [2308, 316], [2305, 304]]",202.82722768414482,0.21103145900148623,0.19638650003609975,2
"[[96, 775], [98, 786], [166, 770], [164, 759]]",213.38871729651163,0.40567410491233646,0.3538436438583249,0
"[[164, 759], [166, 770], [234, 754], [232, 743]]",213.3389171511628,0.3767012485238009,0.33172421048690676,0
"[[232, 743], [234, 754], [302, 738], [300, 727]]",213.0859011627907,0.380225734643925,0.3344386760319149,0
"[[300, 727], [302, 738], [370, 723], [368, 712]]",212.99927156177156,0.39807527735742415,0.34808500248108726,0
"[[368, 712], [370, 723], [439, 707], [437, 696]]",212.89193305619267,0.44316687950721156,0.3818190558967077,0
"[[437, 696], [439, 707], [507, 691], [505, 680]]",212.65277979651162,0.4466673949054468,0.38439423125653666,0
"[[505, 680], [507, 691], [575, 676], [573, 665]]",212.32182400932402,0.37709424654271806,0.3320272142207046,0
"[[573, 665], [575, 676], [643, 660], [641, 649]]",211.82847020348837,0.33845443458512614,0.3018390943346656,1
"[[641, 649], [643, 660], [712, 644], [710, 633]]",211.44398652522935,0.3175747473943384,0.2851883426405139,1
"[[710, 633], [712, 644], [780, 628], [778, 617]]",211.0321039244186,0.3437475486462274,0.3060221734827148,1
"[[778, 617], [780, 628], [848, 613], [846, 602]]",210.67112835081585,0.31450259560032895,0.2827181114884998,1
"[[846, 602], [848, 613], [916, 597], [914, 586]]",210.2244731104651,0.3472959296647892,0.3088178711780364,1
"[[914, 586], [916, 597], [985, 581], [983, 570]]",209.82552680619267,0.32379889679831014,0.290176984260899,1
"[[983, 570], [985, 581], [1053, 566], [1051, 555]]",209.34329472610722,0.26256962779522497,0.24015800312852448,1
"[[1051, 555], [1053, 566], [1121, 550], [1119, 539]]",208.86493459302326,0.2855864625870835,0.25920905952388024,1
"[[1119, 539], [1121, 550], [1189, 534], [1187, 523]]",208.59981831395348,0.29668947306647464,0.26829141464549483,1
"[[1187, 523], [1189, 534], [1258, 518], [1256, 507]]",208.221688646789,0.2817789068969164,0.25607839068821353,1
"[[1256, 507], [1258, 518], [1326, 503], [1324, 492]]",208.0428685897436,0.3520441934414199,0.31254824009942406,0
"[[1324, 492], [1326, 503], [1394, 487], [1392, 476]]",207.69375,0.28503293624718057,0.25875444691265653,1
"[[1392, 476], [1394, 487], [1462, 471], [1460, 460]]",207.39725654069767,0.2808517615925586,0.2553148222664415,1
"[[1460, 460], [1462, 471], [1530, 456], [1528, 445]]",207.1053685897436,0.2422163954405027,0.22305768996358138,2
"[[1528, 445], [1530, 456], [1599, 440], [1597, 429]]",206.82642273509174,0.22148959354097741,0.20539494536281297,2
"[[1597, 429], [1599, 440], [1667, 424], [1665, 413]]",206.55321584302325,0.24487398833695612,0.22530419287309827,2
"[[1665, 413], [1667, 424], [1735, 408], [1733, 397]]",206.25986555232558,0.2888607291288154,0.2618946747032854,1
"[[1733, 397], [1735, 408], [1803, 393], [1801, 382]]",205.90828962703964,0.2781076531661184,0.2530519942304197,1
"[[1801, 382], [1803, 393], [1872, 377], [1870, 366]]",205.56981077981652,0.25044521716756557,0.2300002870420783,1
"[[1870, 366], [1872, 377], [1940, 361], [1938, 350]]",205.15434229651163,0.22944466828744173,0.2122039026463849,2
"[[1938, 350], [1940, 361], [2008, 346], [2006, 335]]",204.552229020979,0.2247034204187026,0.20815024449845887,2
"[[2006, 335], [2008, 346], [2076, 330], [2074, 319]]",203.98637354651163,0.23757320670194404,0.21912283362224172,2
"[[2074, 319], [2076, 330], [2145, 314], [2143, 303]]",203.51736310206422,0.29158221253561317,0.2641222739483791,1
"[[2143, 303], [2145, 314], [2213, 298], [2211, 287]]",203.20497819767442,0.28152967940929324,0.25587318258061076,1
"[[2211, 287], [2213, 298], [2305, 279], [2302, 267]]",202.96559134217068,0.2693378790668475,0.24579152931471224,1
"[[65, 744], [67, 756], [135, 740], [133, 728]]",213.50556714208827,0.4179003485317888,0.3630459538320536,0
"[[133, 728], [135, 740], [203, 724], [201, 712]]",213.33683732508072,0.3572269965862406,0.31660606880858294,0
"[[201, 712], [203, 724], [271, 708], [269, 696]]",213.2323398815931,0.3385279791989034,0.30189732040973155,1
"[[269, 696], [271, 708], [339, 693], [337, 681]]",213.21477211434737,0.45285096932283214,0.38892804473040765,0
"[[337, 681], [339, 693], [408, 677], [406, 665]]",212.90334726645435,0.3769444891747008,0.3319117601176859,0
"[[406, 665], [408, 677], [476, 661], [474, 649]]",212.74532427341228,0.42803267033483344,0.3706136269471498,0
"[[474, 649], [476, 661], [544, 646], [542, 634]]",212.5162317961165,0.41270428631756756,0.3591445243930998,0
"[[542, 634], [544, 646], [612, 630], [610, 618]]",212.11563172766415,0.353242576443084,0.3134877933729289,0
"[[610, 618], [612, 630], [681, 614], [679, 602]]",211.7569333864119,0.34069285864024307,0.3036099561947429,1
"[[679, 602], [681, 614], [749, 599], [747, 587]]",211.45840075512405,0.35392013962204394,0.3140186710723899,0
"[[747, 587], [749, 599], [817, 583], [815, 571]]",211.02581741119482,0.3430607894371296,0.3054802987429512,1
"[[815, 571], [817, 583], [885, 567], [883, 555]]",210.56599838536061,0.3045824459474233,0.2747057493201363,1
"[[883, 555], [885, 567], [953, 552], [951, 540]]",210.1294498381877,0.28482207427153716,0.2585812197524753,1
"[[951, 540], [953, 552], [1022, 536], [1020, 524]]",209.64291401273886,0.28105556036135937,0.25548270656688404,1
"[[1020, 524], [1022, 536], [1090, 520], [1088, 508]]",209.11586719590957,0.1549285822401347,0.14693495437865456,2
"[[1088, 508], [1090, 520], [1158, 504], [1156, 492]]",208.78666576964477,0.14142183316245255,0.13474085450452788,2
"[[1156, 492], [1158, 504], [1226, 489], [1224, 477]]",208.47778451995686,0.15116044165382922,0.14354444138659359,2
"[[1224, 477], [1226, 489], [1295, 473], [1293, 461]]",208.18376791401275,0.17031613875904955,0.16068929468377532,2
"[[1293, 461], [1295, 473], [1363, 457], [1361, 445]]",207.88209768568353,0.18190702144758308,0.17095392964984144,2
"[[1361, 445], [1363, 457], [1431, 442], [1429, 430]]",207.63027575512405,0.1836806343697213,0.17251737350298157,2
"[[1429, 430], [1431, 442], [1499, 426], [1497, 414]]",207.35665029601722,0.18210607555377087,0.17112949163291874,2
"[[1497, 414], [1499, 426], [1568, 410], [1566, 398]]",207.101363455414,0.1639259834005175,0.1549951075194981,2
"[[1566, 398], [1568, 410], [1636, 395], [1634, 383]]",206.80624662891046,0.14325039171420192,0.1363983639282747,2
"[[1634, 383], [1636, 395], [1704, 379], [1702, 367]]",206.42888858988158,0.17415577789832806,0.1640986931376706,2
"[[1702, 367], [1704, 379], [1772, 363], [1770, 351]]",206.11055234122713,0.23955513619087837,0.2208039560114964,2
"[[1770, 351], [1772, 363], [1840, 348], [1838, 336]]",205.76193365695792,0.2256428727865994,0.2089545085716568,2
"[[1838, 336], [1840, 348], [1909, 332], [1907, 320]]",205.424445992569,0.21899790662400265,0.20325454714803678,2
"[[1907, 320], [1909, 332], [1977, 316], [1975, 304]]",204.89178552206673,0.28357245668015,0.2575541174946729,1
"[[1975, 304], [1977, 316], [2045, 300], [2043, 288]]",204.30087796017222,0.26480474143192684,0.24202130108523678,1
"[[2043, 288], [2045, 300], [2113, 285], [2111, 273]]",203.78441882416396,0.2679772896545476,0.24466116011951908,1
"[[2111, 273], [2113, 285], [2182, 269], [2180, 257]]",203.40190419320595,0.2759609242681489,0.2512787838587977,1
"[[2180, 257], [2182, 269], [2250, 253], [2248, 241]]",203.2073129709365,0.31482637339624864,0.28297869906040046,1
"[[2248, 241], [2250, 253], [2303, 241], [2300, 230]]",202.95442335243553,0.23287044399266948,0.2151246205644847,2
"[[1771, 313], [1774, 325], [1842, 309], [1839, 297]]",205.8188785601266,0.18637590893244338,0.17488960415150562,2
"[[1839, 297], [1842, 309], [1910, 293], [1907, 281]]",205.4756230221519,0.22454754948364,0.20801675314050208,2
"[[1907, 281], [1910, 293], [1978, 277], [1975, 265]]",204.9720134493671,0.278680904327877,0.25352505880597076,1
"[[1975, 265], [1978, 277], [2047, 262], [2044, 250]]",204.37844141440502,0.26089399329788016,0.23875922791763116,1
"[[2044, 250], [2047, 262], [2115, 246], [2112, 234]]",203.8498483649789,0.2757440237053336,0.2510994766102845,1
"[[2112, 234], [2115, 246], [2183, 230], [2180, 218]]",203.5139438291139,0.26055285592915894,0.23847425730074318,1
"[[2180, 218], [2183, 230], [2252, 215], [2249, 203]]",203.22625260960334,0.240811660543613,0.22186858135343926,2
"[[2249, 203], [2252, 215], [2300, 204], [2297, 192]]",203.0304606240713,0.23236125100872473,0.21469093396234193,2
"[[1907, 244], [1910, 256], [1978, 240], [1975, 228]]",205.06457674050634,0.22836948902864032,0.2112858113677957,2
"[[1975, 228], [1978, 240], [2046, 224], [2043, 212]]",204.4559434335443,0.24859709372112593,0.22844446937008286,2
"[[2043, 212], [2046, 224], [2114, 208], [2111, 196]]",203.95722903481013,0.30504965480369856,0.2750843391276796,1
"[[2111, 196], [2114, 208], [2182, 193], [2179, 181]]",203.56855158730158,0.279832146200623,0.2544745341398456,1
"[[2179, 181], [2182, 193], [2251, 177], [2248, 165]]",203.3211173257024,0.2558876626924583,0.2345704289153734,1
"[[2248, 165], [2251, 177], [2297, 167], [2294, 155]]",203.12981609083852,0.22702206719904258,0.210134291193884,2
"[[1991, 187], [1994, 199], [2062, 183], [2059, 171]]",204.40712354957805,0.23805911041969477,0.21953520211434654,2
"[[2059, 171], [2062, 183], [2130, 167], [2127, 155]]",203.92742945675104,0.2657192464106683,0.24278284828484126,1
"[[2127, 155], [2130, 167], [2199, 151], [2196, 139]]",203.6024486212279,0.24000620991302682,0.22118624702327636,2
"[[2196, 139], [2199, 151], [2293, 130], [2290, 118]]",203.35869043043812,0.29978015606219954,0.27080726351217055,1
"[[2085, 127], [2088, 139], [2156, 123], [2153, 111]]",203.9062664820675,0.22727354342344577,0.21034928655796564,2
"[[2153, 111], [2156, 123], [2224, 107], [2221, 95]]",203.60538633966246,0.23529257582811675,0.2171854982452011,2
"[[2221, 95], [2224, 107], [2285, 94], [2283, 82]]",203.3771449704142,0.2815176268371437,0.2558632578788889,1
"[[2152, 74], [2155, 86], [2223, 70], [2220, 58]]",203.72743604957805,0.22827143608769285,0.21120205045807175,2
"[[2220, 58], [2223, 70], [2278, 57], [2275, 46]]",203.42088125845737,0.23432445526123047,0.21636218332633342,2
"[[2203, 24], [2206, 36], [2267, 21], [2265, 10]]",203.53870955433456,0.2079772575686582,0.19374337923798773,2
